<?xml version="1.0" encoding="UTF-8"?>
<Items>
  <City>1306</City>
  <GongZuoShiJian>
    <KaiShi>6</KaiShi>
    <JieShu>21</JieShu>
  </GongZuoShiJian>
  <JianYanLeiBie>
  </JianYanLeiBie>
  <ShiYongXingZhi>
  </ShiYongXingZhi>
  <CheLiangZhongLei>K10,K20,K30,K40,H10,H20,H30,H40,H50</CheLiangZhongLei>
  <JianYanJiGou>
  </JianYanJiGou>
  <ZhaoPian>
    <ZuoQianFang number = "0111">
      <ChePai>on</ChePai>
      <CheBiao>on</CheBiao>
      <SanJiaoJia>off</SanJiaoJia>
      <GaiZhuang>off</GaiZhuang>
      <ShuiYinRiQi>off</ShuiYinRiQi>
	  <ZuoCeFangHu>off</ZuoCeFangHu>
	  <ZuoCePenTu>off</ZuoCePenTu>
	  <CheShenFanGuangBiaoShi>off</CheShenFanGuangBiaoShi> 
    </ZuoQianFang>
	<ZuoFang number = " ">
	  <ChePai>off</ChePai>
	  <GaiZhuang>off</GaiZhuang>
	  <GuangGao>off</GuangGao>
	</ZuoFang>
    <YouHouFang number = "0112">
      <ChePai>on</ChePai>
      <CheBiao>on</CheBiao>
      <SanJiaoJia>on</SanJiaoJia>
      <GaiZhuang>off</GaiZhuang>
      <ShuiYinRiQi>off</ShuiYinRiQi>
      <PaiQiKoffg>off</PaiQiKoffg>
	  <YouCeFangHu>off</YouCeFangHu>
	  <HouBuPenTu>off</HouBuPenTu>
	  <LanBanGaoDu>off</LanBanGaoDu>
	  <HouXiaFangHu>off</HouXiaFangHu>
	  <CheLiangWeiBuBiaoZhiBan>off</CheLiangWeiBuBiaoZhiBan>
	  <HouBuCheShenFanGuangBiaoShi>off</HouBuCheShenFanGuangBiaoShi>
	  <YouCeCheShenFanGuangBiaoShi>off</YouCeCheShenFanGuangBiaoShi>
    </YouHouFang>
    <CheJiaHao number = "0113">
      <CheJiaHao>on</CheJiaHao>
      <ShuiYinRiQi>off</ShuiYinRiQi>
      <TaYinMo>on</TaYinMo>
      <BaoDing_FTP>on</BaoDing_FTP>
      <JiLuBiaoZiMo>on</JiLuBiaoZiMo>
	  <YuanJing>off</YuanJing>
    </CheJiaHao >
    <AnQuanDai number = "0157">
      <AnQuanDai>on</AnQuanDai>
      <ShuiYinRiQi>off</ShuiYinRiQi>
    </AnQuanDai>
    <XingShiZheng number = "0201">
      <CheJiaHao>on</CheJiaHao>
      <ChePai>on</ChePai>
      <BianHao>on</BianHao>
      <FaZhengRiQi>on</FaZhengRiQi>
      <CheLiang>off</CheLiang>
      <BeiMian>off</BeiMian>
      <ShenFenZheng>off</ShenFenZheng>
      <TianJin>off</TianJin>
    </XingShiZheng>
	<XingShiZhengBeiMian number = " ">
      <ZhuYe>off</ZhuYe>
	  <FuYe>off</FuYe>
	  <YouXiaoQi>off</YouXiaoQi>
	  <ShenFenZheng>off</ShenFenZheng>
    </XingShiZhengBeiMian>
    <JiaoQiangXian number = "0203">
      <FuBen>off</FuBen>
      <ChePai>off</ChePai>
      <ChaoJian>off</ChaoJian>
      <CheJiaHao>on</CheJiaHao>
      <YouXiaoQi>on</YouXiaoQi>
      <GongZhang>on</GongZhang>
      <CheChuanShui>off</CheChuanShui>
      <DianZiBaoDan>off</DianZiBaoDan>
      <FaDongJiHao>on</FaDongJiHao>
      <SuZhouYinZhang>off</SuZhouYinZhang>
      <ShenZhenDianZiBaoDan>off</ShenZhenDianZiBaoDan>
    </JiaoQiangXian>
    <JianYanBaoGao number = "0204">
      <CheJiaHao>on</CheJiaHao>
      <ChePai>on</ChePai>
      <QianMing>on</QianMing>
      <YinZhang>on</YinZhang>
      <JieLun>on</JieLun>
      <ShuJuXiang>on</ShuJuXiang>
      <CheLiang_type>off</CheLiang_type>
      <YinZhang_MA>on</YinZhang_MA>
      <QueRenZhang>off</QueRenZhang>
      <HaoPaiZhongLei>off</HaoPaiZhongLei>
    </JianYanBaoGao>
    <JianYanBaoGao_YiQi number = " ">
    	<YiQi>off</YiQi>
	<HongZhang>off</HongZhang>
	  <JieLun>off</JieLun>
	  <ChePai>off</ChePai>
	  <QianMing>off</QianMing>
	  <YinZhang_MA>off</YinZhang_MA>
	  <CheJiaHao>off</CheJiaHao>
	</JianYanBaoGao_YiQi>
	<JianYanBaoGao_RenGong number = " ">
	  <ChePai>off</ChePai>
	  <ChaYanJieLun>off</ChaYanJieLun>
	  <DiPanQianZi>off</DiPanQianZi>
	  <WaiGuanQianZi>off</WaiGuanQianZi>
	  <YinCheQianZi>off</YinCheQianZi>
	</JianYanBaoGao_RenGong>
    <WeiTuoShu number = " ">
      <WeiTuoShu>off</WeiTuoShu>
      <HongZhang>off</HongZhang>
	  <ShenFenZheng>off</ShenFenZheng>
    </WeiTuoShu>
    <ShenQingBiao number = "0202">
      <ShouJi_BenRen>on</ShouJi_BenRen>
      <ShouJi_DaiLi>off</ShouJi_DaiLi>
      <ChePai>on</ChePai>
	  <is_CheLiangType>off</is_CheLiangType>
	  <is_YouBian>off</is_YouBian>
	  <is_DiZhi>off</is_DiZhi>
      <CheJiaHao>off</CheJiaHao>
      <QianMing>on</QianMing>
      <CheJiaHao>off</CheJiaHao>
      <QianMing>off</QianMing>
      <YinZhang>off</YinZhang>
	  <XingMing>off</XingMing>
	  <HaoPaiZhongLei>off</HaoPaiZhongLei>
	  <JianYanHeGeBiaoZhi>off</JianYanHeGeBiaoZhi>
    </ShenQingBiao>
    <WeiQiJianYan number = "0212">
      <JieLun>on</JieLun>
      <ChePai>on</ChePai>
      <CheJiaHao>on</CheJiaHao>
      <YinZhang>on</YinZhang>
      <QianMing>on</QianMing>
      <YinZhang_MA>on</YinZhang_MA>
	  <YouXiaoQi>off</YouXiaoQi>
      <CaoZuoYuan>off</CaoZuoYuan>
      <JiaShiYuan>off</JiaShiYuan>
      <PiZhunRen>off</PiZhunRen>
      <ShenHeYuan>off</ShenHeYuan>
	  <DianZiBiaoGe>off</DianZiBiaoGe>
	  <JianCeShiJian>off</JianCeShiJian>
	  <FaDongJiBianHao>off</FaDongJiBianHao>
	  <DianZiBaoGao>off</DianZiBaoGao>
    </WeiQiJianYan>
    <ZuoDengGuang number = "0321">
      <ZuoQianDeng>on</ZuoQianDeng>
      <YouQianDeng>off</YouQianDeng>
      <ChePai>on</ChePai>
      <QianMian>on</QianMian>
      <ShuiYinRiQi>off</ShuiYinRiQi>
    </ZuoDengGuang>
    <YouDengGuang number = "0352">
      <ZuoQianDeng>off</ZuoQianDeng>
      <YouQianDeng>on</YouQianDeng>
      <ChePai>on</ChePai>
      <QianMian>on</QianMian>
      <ShuiYinRiQi>off</ShuiYinRiQi>
    </YouDengGuang>
    <YiZhouZhiDong number = "0322">
      <QianLun>on</QianLun>
      <ChePai>on</ChePai>
      <ShuiYinRiQi>off</ShuiYinRiQi>
    </YiZhouZhiDong>
    <ErZhouZhiDong number = "0348">
      <HouLun>on</HouLun>
      <ChePai>on</ChePai>
      <ShuiYinRiQi>off</ShuiYinRiQi>
    </ErZhouZhiDong>
    <ZhuCheZhiDong number = "0351">
      <ChePai>on</ChePai>
      <CheLun>off</CheLun>
      <ShuiYinRiQi>off</ShuiYinRiQi>
    </ZhuCheZhiDong>
    <DiPanDongTaiKaiShi number = "0344">
      <ChePai>on</ChePai>
      <ChePaiQueDing>off</ChePaiQueDing>
      <YiDong>on</YiDong>
      <ShuiYinRiQi>off</ShuiYinRiQi>
      <BiaoZhi>off</BiaoZhi>
    </DiPanDongTaiKaiShi>
    <DiPanDongTaiJieShu number = "0342">
      <ChePai>on</ChePai>
      <YiDong>on</YiDong>
      <ShuiYinRiQi>off</ShuiYinRiQi>
      <BiaoZhi>off</BiaoZhi>
    </DiPanDongTaiJieShu>
    <DiPanBuJian number = "0323">
      <GongWei>off</GongWei>
      <ChePai>off</ChePai>
      <ShuiYinRiQi>off</ShuiYinRiQi>
      <Ren>on</Ren>
    </DiPanBuJian>
    <ChaYanJiLu number = "0205">
      <JianYanBiao>on</JianYanBiao>
      <ChePai>on</ChePai>
      <CheJiaHao>off</CheJiaHao>
      <WaiGuanQianZi>off</WaiGuanQianZi>
      <YinCheQianZi>off</YinCheQianZi>
      <DiPanQianZi>off</DiPanQianZi>
      <ChaYanXinXi>off</ChaYanXinXi>
      <ChaYanQianZi>on</ChaYanQianZi>
      <ChaYanJieLun>on</ChaYanJieLun>
      <HongZhang>off</HongZhang>
    </ChaYanJiLu>
    <QianHaoPai number = " ">
	  <ChePai>off</ChePai>
	</QianHaoPai>
	<HouHaoPai number = " ">
	  <ChePai>off</ChePai>
	</HouHaoPai>
	<ShenFenZheng number = " ">
	  <ShenFenZheng>off</ShenFenZheng>
	</ShenFenZheng>
	<ShenFenZhengBeiMian number = " ">
	  <ShenFenZheng>off</ShenFenZheng>
	  <YouXiaoQi>off</YouXiaoQi>
	</ShenFenZhengBeiMian>
	<JianYanBiaoBeiMian number = " ">
      <JianYanBiaoBeiMian>off</JianYanBiaoBeiMian>
      <DiPan>off</DiPan>
      <WaiGuan>off</WaiGuan>
      <YinChe>off</YinChe>
    </JianYanBiaoBeiMian>
    <WanShuiZhengMing number = " ">
      <CheJiaHao>off</CheJiaHao>
      <SuoShuRiQi>off</SuoShuRiQi>
	  <ChePai>off</ChePai>
	  <CheChuanShui>off</CheChuanShui>
	  <JianCeRiQi>off</JianCeRiQi>
	  <BaoXianDan>off</BaoXianDan>
    </WanShuiZhengMing>
    <WeiTuoTongZhiShu number = " ">
      <WeiTuoTongZhiShu>off</WeiTuoTongZhiShu>
      <ChePai>off</ChePai>
      <CheJiaHao>off</CheJiaHao>
      <YinZhang>off</YinZhang>
    </WeiTuoTongZhiShu>
	<MieHuoQi number = "0116">
	  <MieHuoQi>on</MieHuoQi>
	  <YaLiBiao>on</YaLiBiao>
	</MieHuoQi>
	<YingJiChui number = "0117">
	  <YingJiChui>on</YingJiChui>
	</YingJiChui>
	<JiLuYi number = "0118">
	  <JiLuYi>on</JiLuYi>
	  <RenZheng>on</RenZheng>
	  <PingMu>on</PingMu>
	</JiLuYi>
	<ZuoQianLun number = " ">
      <LunTai>on</LunTai>
	</ZuoQianLun>
	<YouQianLun number = " ">
	  <LunTai>on</LunTai>
	</YouQianLun>
	<CheXiang number = "0115">
	  <GaiZhuang>on</GaiZhuang>
	  <FengDing>on</FengDing>
	  <ZuoWei>on</ZuoWei>
	  <CheLiangLeiXing>off</CheLiangLeiXing>
	  <JiaoDu>off</JiaoDu>
	</CheXiang>
	<CeHuaGongWei number = "0353">
	  <ChePai>on</ChePai>
	</CeHuaGongWei>
	<WaiKuoQianMian number = "0360">
	  <ChePai>on</ChePai>
	</WaiKuoQianMian>
	<WaiKuoCeMian number = "0361">
	  <ChePai>on</ChePai>
	</WaiKuoCeMian>
	<DaCheHaoPai number = " ">
	  <ChePai>off</ChePai>
	</DaCheHaoPai>
	<WeiXiangNeiBu number = " ">
	  <GaiZhuang>off</GaiZhuang>
	</WeiXiangNeiBu>
	<FuZhuZhiDong number = " ">
	  <FuZhuZhiDong>off</FuZhuZhiDong>
	</FuZhuZhiDong>
	<ABS number = " ">
	  <ABS>off</ABS>
	</ABS>
	<CheLiangCeMian number = " ">
	  <CheLiangCeMian>off</CheLiangCeMian>
	</CheLiangCeMian>
	<CheLiangBeiMian number = " ">
	  <CheLiangBeiMian>off</CheLiangBeiMian>
	  <ChePai>off</ChePai>
	  <CheBiao>off</CheBiao>
	  <SanJiaoJia>off</SanJiaoJia>
	  <XiaBuFangHu>off</XiaBuFangHu>
	  <WeiBuBiaoZhi>off</WeiBuBiaoZhi>
	  <PenTuHaoMa>off</PenTuHaoMa>
	  <CheShenFanGuangBiaoShi>off</CheShenFanGuangBiaoShi>
	</CheLiangBeiMian>
	<HeDingZaiKe number = " ">
	  <HeDingZaiKe>off</HeDingZaiKe>
	</HeDingZaiKe>
	<JianCeQuXianBaoGao number = " ">
	  <QuXianBaoGao>off</QuXianBaoGao>
	  <ChePai>off</ChePai>
	  <YinZhang>off</YinZhang>
	</JianCeQuXianBaoGao>
	<CheJiaHaoUG number = " ">
	  <CheJiaHao>off</CheJiaHao>
	</CheJiaHaoUG>
  <CheLiangMingPai number = " ">
    <CheJiaHao>off</CheJiaHao>
    <FaDongJiHao>off</FaDongJiHao>
    <FaDongJiPaiLiang>off</FaDongJiPaiLiang>
    <ZhiZaoNianYue>off</ZhiZaoNianYue>
  </CheLiangMingPai>
  </ZhaoPian>
  <ShiPin>
    <ZuoQianFang>
      <ChePai>off</ChePai>
    </ZuoQianFang>
    <YouHouFang>
      <ChePai>off</ChePai>
    </YouHouFang>
    <YiZhouZhiDong>
      <ChePai>off</ChePai>
      <QianLun>off</QianLun>
      <WeiDeng>off</WeiDeng>
      <Ren>off</Ren>
    </YiZhouZhiDong>
    <ErZhouZhiDong>
      <ChePai>off</ChePai>
      <HouLun>off</HouLun>
      <WeiDeng>off</WeiDeng>
      <Ren>off</Ren>
    </ErZhouZhiDong>
    <ZuoDengGuang>
      <ChePai>off</ChePai>
      <QianDaDeng>off</QianDaDeng>
      <Ren>off</Ren>
      <CeShiYi>off</CeShiYi>
    </ZuoDengGuang>
    <YouDengGuang>
      <ChePai>off</ChePai>
      <QianDaDeng>off</QianDaDeng>
      <Ren>off</Ren>
      <CeShiYi>off</CeShiYi>
    </YouDengGuang>
    <DongTaiGongWei_1>
      <ChePai>off</ChePai>
      <WeiYi>off</WeiYi>
    </DongTaiGongWei_1>
    <DongTaiGongWei_2>
      <ChePai>off</ChePai>
      <WeiYi>off</WeiYi>
    </DongTaiGongWei_2>
    <DiPanGongWei>
      <Ren>off</Ren>
    </DiPanGongWei>
    <ZhuCheZhiDong_GunTong>
      <ChePai>off</ChePai>
      <HouLun>off</HouLun>
      <TaiQi>off</TaiQi>
      <Ren>off</Ren>
    </ZhuCheZhiDong_GunTong>
    <ZhuCheZhiDong_PingBan>
      <ChePai>off</ChePai>
      <CheLun>off</CheLun>
      <WeiDeng>off</WeiDeng>
      <Ren>off</Ren>
    </ZhuCheZhiDong_PingBan>
    <WeiXiangNeiBu>
      <GaiZhuang>off</GaiZhuang>
    </WeiXiangNeiBu>
  </ShiPin>
  <SuzhouVideo>
     <SpaoConnect>
	   <soapflag>off</soapflag>
	 </SpaoConnect>
     <Download>
        <dlflag>off</dlflag>	
	</Download>
     <V_CheLiangZuoQianFang>
       <ChePai>off</ChePai> 
     </V_CheLiangZuoQianFang>
      <V_CheLiangYouHouFang>
       <ChePai>off</ChePai> 
     </V_CheLiangYouHouFang>
     <V_YiZhouZhiDong>
       <ChePai>off</ChePai>
       <WeiDeng>off</WeiDeng>
       <QianLun>off</QianLun>
       <Ren>off</Ren> 
     </V_YiZhouZhiDong>
     <V_ErZhouZhiDong>
       <ChePai>off</ChePai>
       <HouLun>off</HouLun>
       <WeiDeng>off</WeiDeng>
       <Ren>off</Ren> 
     </V_ErZhouZhiDong>
     <V_PingBanZhiDong>
       <ChePai>off</ChePai>
       <PingBan>off</PingBan>
       <WeiDeng>off</WeiDeng>
       <Ren>off</Ren> 
     </V_PingBanZhiDong>
     <V_ZuoDengGuang>
       <ChePai>off</ChePai>
       <CeShiYi>off</CeShiYi>
       <QianDaDeng>off</QianDaDeng>
       <Ren>off</Ren> 
     </V_ZuoDengGuang>
     <V_YouDengGuang>
       <ChePai>off</ChePai>
       <CeShiYi>off</CeShiYi>
       <QianDaDeng>off</QianDaDeng>
       <Ren>off</Ren> 
     </V_YouDengGuang>
     <V_DiPan>
       <Ren>off</Ren> 
     </V_DiPan>
     <V_GunLunZhuChe>
       <ChePai>off</ChePai>
       <HouLun>off</HouLun>
       <TaiQi>off</TaiQi>
       <Ren>off</Ren> 
     </V_GunLunZhuChe>
     <V_PingBanZhuChe>
       <ChePai>off</ChePai>
       <CheLun>off</CheLun>
       <WeiDeng>off</WeiDeng>
       <Ren>off</Ren> 
     </V_PingBanZhuChe>
  </SuzhouVideo>
</Items>
