<?xml version="1.0" encoding="UTF-8"?>
<config>
  <trace_level>3</trace_level>
  <device_ID>0</device_ID>
  <requestUri>TmriOutAccess.asmx/writeObjectOut</requestUri>
  <remoteServerIp>192.168.40.23</remoteServerIp>
  <remoteServerPort>3000</remoteServerPort>
  <SOAP_ServerPort>9081</SOAP_ServerPort>
  <localServerIp>192.168.40.24</localServerIp>
  <localServerPort>9000</localServerPort>
  <SlaveCount>0</SlaveCount>
  <master>
    <IP>192.168.70.8</IP>
    <port>9000</port>	
  </master>
  <photoUri>/</photoUri>
  <photoFilePath>/opt/vehicle/vehicle_photo/</photoFilePath>
  <videoFilePath>/opt/vehicle/vehicle_video/</videoFilePath>
  <PhotoKeepMonths>6</PhotoKeepMonths>
  <VideoKeepDays>7</VideoKeepDays>
  <DiskPreserveSizeG>50</DiskPreserveSizeG>
  <confJkxlh>7F19090902061704001589CB869D8A878084F19F8E849DADFC98BC9BD5CEDAB2D6C7C4DCC9F3BACBCFB5CDB3</confJkxlh>
  <confJkid>18B01</confJkid>
  <confXtlb>18</confXtlb>
  <demo_path>/opt/vehicle/demo_photo/</demo_path>
  <NvrDwlDuration>0</NvrDwlDuration>
  <KeepVideoFile>1</KeepVideoFile>
  <DownloadLimit>3</DownloadLimit>
  <QueryNumber>10</QueryNumber>
  <QueryInterval>10</QueryInterval>
</config>
