<?xml version="1.0" encoding="UTF-8"?>
<config>
  <trace_level>3</trace_level>
  <device_ID>3</device_ID>
  <requestUri>/pnweb/services/TmriOutNewAccess?wsdl</requestUri>
  <cjbh>01</cjbh>
  <zdbs>11.1.0.234</zdbs>
  <remoteServerIp>11.1.0.161</remoteServerIp>
  <remoteServerPort>9080</remoteServerPort>
  <SOAP_ServerPort>9080</SOAP_ServerPort>
  <localServerIp>11.1.0.234</localServerIp>
  <localServerPort>9000</localServerPort>
  <SlaveCount>-1</SlaveCount>
  <master>
    <IP>11.1.0.231</IP>
  </master>
  <slave>
    <IP>11.1.0.232</IP>
    <port>9000</port>	
  </slave>
    <slave>
    <IP>11.1.0.233</IP>
    <port>9000</port>	
  </slave>
    <slave>
    <IP>11.1.0.234</IP>
    <port>9000</port>	
  </slave>
    <slave>
    <IP>11.1.0.235</IP>
    <port>9000</port>	
  </slave>
    <slave>
    <IP>11.1.0.236</IP>
    <port>9000</port>	
  </slave>
    <slave>
    <IP>11.1.0.237</IP>
    <port>9000</port>	
  </slave>
    <slave>
    <IP>11.1.0.238</IP>
    <port>9000</port>	
  </slave>
  <photoUri>pnweb</photoUri>
  <photoFilePath>/opt/vehicle/vehicle_photo/</photoFilePath>
  <videoFilePath>/opt/vehicle/vehicle_video/</videoFilePath>
  <PhotoKeepMonths>6</PhotoKeepMonths>
  <VideoKeepDays>7</VideoKeepDays>
  <DiskPreserveSizeG>50</DiskPreserveSizeG>
  <confJkxlh>7F1C090902041704001589CB869D8A878084F19F8E849DADFC98BC9BD5CEDAB2D6C7C4DCC9F3BACBCFB5CDB3</confJkxlh>
  <confJkid>18B01</confJkid>
  <confXtlb>18</confXtlb>
  <demo_path>/opt/vehicle/demo_photo/</demo_path>
  <NvrDwlDuration>0</NvrDwlDuration>
  <KeepVideoFile>1</KeepVideoFile>
  <DownloadLimit>3</DownloadLimit>
  <QueryNumber>10</QueryNumber>
  <QueryInterval>10</QueryInterval>
</config>
