<?xml version="1.0" encoding="UTF-8"?>
<Items>
  <City>3205</City>
  <GongZuoShiJian>
    <KaiShi>6</KaiShi>
    <JieShu>21</JieShu>
  </GongZuoShiJian>
  <JianYanLeiBie></JianYanLeiBie>
  <ShiYongXingZhi></ShiYongXingZhi>
  <CheLiangZhongLei></CheLiangZhongLei>
  <JianYanJiGou>
    <BianHao assignment_IP="">3200000010</BianHao>
    <BianHao assignment_IP="">3200000011</BianHao>
    <BianHao assignment_IP="">3200000012</BianHao>
    <BianHao assignment_IP="">3200000013</BianHao>
    <BianHao assignment_IP="">3200000014</BianHao>
    <BianHao assignment_IP="">3200000015</BianHao>
    <BianHao assignment_IP="">3200000016</BianHao>
    <BianHao assignment_IP="">3205000001</BianHao>
    <BianHao assignment_IP="">3205000003</BianHao>
    <BianHao assignment_IP="">3205000005</BianHao>
    <BianHao assignment_IP="">3205000006</BianHao>
    <BianHao assignment_IP="">3205000007</BianHao>
    <BianHao assignment_IP="">3205000008</BianHao>
    <BianHao assignment_IP="">3205000031</BianHao>
    <BianHao assignment_IP="">3205000041</BianHao>
    <BianHao assignment_IP="">3205000040</BianHao>
    <BianHao assignment_IP="">3205000044</BianHao>
    <BianHao assignment_IP="">3205000048</BianHao>
    <BianHao assignment_IP="">3205000049</BianHao>
    <BianHao assignment_IP="">3205000052</BianHao>
    <!-- wujiang:6 -->
    <BianHao assignment_IP="192.168.21.220">3205000010</BianHao>
    <BianHao assignment_IP="192.168.21.220">3205000009</BianHao>
    <BianHao assignment_IP="192.168.21.220">3205000038</BianHao>
    <BianHao assignment_IP="192.168.21.220">3205000021</BianHao>
    <BianHao assignment_IP="192.168.21.220">3205000014</BianHao>
    <BianHao assignment_IP="192.168.21.220">3205000018</BianHao>
    <!-- changshu:9 -->
    <BianHao assignment_IP="192.168.31.247">3200000008</BianHao>
    <BianHao assignment_IP="192.168.31.247">3205000036</BianHao>
    <BianHao assignment_IP="192.168.31.247">3205000023</BianHao>
    <BianHao assignment_IP="192.168.31.247">3200000007</BianHao>
    <BianHao assignment_IP="192.168.31.247">3205000042</BianHao>
    <BianHao assignment_IP="192.168.31.247">3205000029</BianHao>
    <BianHao assignment_IP="192.168.31.247">3205000025</BianHao>
    <BianHao assignment_IP="192.168.31.247">3205000016</BianHao>
    <BianHao assignment_IP="192.168.31.247">3205000012</BianHao>
    <BianHao assignment_IP="192.168.31.247">3205000058</BianHao>
    <!-- zhangjiagang:5 -->
    <BianHao assignment_IP="192.168.39.199">3205000056</BianHao>
    <BianHao assignment_IP="192.168.39.199">3205000047</BianHao>
    <BianHao assignment_IP="192.168.39.199">3200000004</BianHao>
    <BianHao assignment_IP="192.168.39.199">3200000005</BianHao>
    <BianHao assignment_IP="192.168.39.199">3200000167</BianHao>
  </JianYanJiGou>
  <ZhaoPian>
    <ZuoQianFang number = "0111">
      <ChePai>on</ChePai>
      <CheBiao>on</CheBiao>
      <SanJiaoJia>off</SanJiaoJia>
      <GaiZhuang>on</GaiZhuang>
      <ShuiYinRiQi>off</ShuiYinRiQi>
      <ZuoCeFangHu>off</ZuoCeFangHu>
      <ZuoCePenTu>off</ZuoCePenTu>
      <CheShenFanGuangBiaoShi>off</CheShenFanGuangBiaoShi> 
    </ZuoQianFang>
    <ZuoFang number = " ">
      <ChePai>off</ChePai>
      <GaiZhuang>off</GaiZhuang>
      <GuangGao>off</GuangGao>
    </ZuoFang>
    <YouHouFang number = "0112">
      <ChePai>on</ChePai>
      <CheBiao>on</CheBiao>
      <SanJiaoJia>on</SanJiaoJia>
      <GaiZhuang>off</GaiZhuang>
      <ShuiYinRiQi>off</ShuiYinRiQi>
      <PaiQiKong>off</PaiQiKong>
      <YouCeFangHu>off</YouCeFangHu>
      <HouBuPenTu>off</HouBuPenTu>
      <LanBanGaoDu>off</LanBanGaoDu>
      <HouXiaFangHu>off</HouXiaFangHu>
      <CheLiangWeiBuBiaoZhiBan>off</CheLiangWeiBuBiaoZhiBan>
      <HouBuCheShenFanGuangBiaoShi>off</HouBuCheShenFanGuangBiaoShi>
      <YouCeCheShenFanGuangBiaoShi>off</YouCeCheShenFanGuangBiaoShi>
    </YouHouFang>
    <CheJiaHao number = "0113">
      <CheJiaHao>on</CheJiaHao>
      <ShuiYinRiQi>off</ShuiYinRiQi>
      <TaYinMo>on</TaYinMo>
      <BaoDing_FTP>off</BaoDing_FTP>
      <JiLuBiaoZiMo>off</JiLuBiaoZiMo>
      <YuanJing>off</YuanJing>
    </CheJiaHao>
    <AnQuanDai number = "0157">
      <AnQuanDai>on</AnQuanDai>
      <ShuiYinRiQi>off</ShuiYinRiQi>
    </AnQuanDai>
    <XingShiZheng number = "0201">
      <CheJiaHao>on</CheJiaHao>
      <ChePai>on</ChePai>
      <BianHao>on</BianHao>
      <FaZhengRiQi>on</FaZhengRiQi>
      <BeiMian>off</BeiMian>
      <ShenFenZheng>off</ShenFenZheng>
      <TianJin>off</TianJin>
      <CheLiang>off</CheLiang>
    </XingShiZheng>
    <XingShiZhengBeiMian number = " ">
      <ZhuYe>off</ZhuYe>
      <FuYe>off</FuYe>
      <YouXiaoQi>off</YouXiaoQi>
      <ShenFenZheng>off</ShenFenZheng>
    </XingShiZhengBeiMian>
    <JiaoQiangXian number = "0203">
      <FuBen>off</FuBen>
      <ChePai>off</ChePai>
      <ChaoJian>off</ChaoJian>
      <CheJiaHao>on</CheJiaHao>
      <YouXiaoQi>on</YouXiaoQi>
      <GongZhang>on</GongZhang>
      <CheChuanShui>on</CheChuanShui>
      <DianZiBaoDan>on</DianZiBaoDan>
      <FaDongJiHao>off</FaDongJiHao>
      <SuZhouYinZhang>off</SuZhouYinZhang>
      <ShenZhenDianZiBaoDan>off</ShenZhenDianZiBaoDan>
    </JiaoQiangXian>
    <JianYanBaoGao number = "0204">
      <CheJiaHao>on</CheJiaHao>
      <ChePai>on</ChePai>
      <QianMing>on</QianMing>
      <YinZhang>on</YinZhang>
      <JieLun>on</JieLun>
      <ShuJuXiang>on</ShuJuXiang>
      <YinZhang_MA>off</YinZhang_MA>
      <QueRenZhang>off</QueRenZhang>
      <HaoPaiZhongLei>off</HaoPaiZhongLei>
    </JianYanBaoGao>
    <JianYanBaoGao_YiQi number = " ">
      <YiQi>off</YiQi>
      <HongZhang>off</HongZhang>
      <JieLun>off</JieLun>
      <ChePai>off</ChePai>
      <QianMing>off</QianMing>
      <YinZhang_MA>off</YinZhang_MA>
      <CheJiaHao>off</CheJiaHao>
    </JianYanBaoGao_YiQi>
    <JianYanBaoGao_RenGong number = " ">
      <ChePai>off</ChePai>
      <ChaYanJieLun>off</ChaYanJieLun>
      <DiPanQianZi>off</DiPanQianZi>
      <WaiGuanQianZi>off</WaiGuanQianZi>
      <YinCheQianZi>off</YinCheQianZi>
    </JianYanBaoGao_RenGong>
    <WeiTuoShu number = " ">
      <WeiTuoShu>off</WeiTuoShu>
      <HongZhang>off</HongZhang>
      <ShenFenZheng>off</ShenFenZheng>
    </WeiTuoShu>
    <ShenQingBiao number = "0202">
      <ShouJi_BenRen>on</ShouJi_BenRen>
      <ShouJi_DaiLi>off</ShouJi_DaiLi>
      <ChePai>on</ChePai>
      <CheJiaHao>off</CheJiaHao>
      <QianMing>on</QianMing>
      <YinZhang>on</YinZhang>
      <is_CheLiangType>off</is_CheLiangType>
      <is_YouBian>off</is_YouBian>
      <is_DiZhi>off</is_DiZhi>
      <XingMing>off</XingMing>
      <HaoPaiZhongLei>off</HaoPaiZhongLei>
      <JianYanHeGeBiaoZhi>off</JianYanHeGeBiaoZhi>
    </ShenQingBiao>
    <WeiQiJianYan number = "0210">
      <JieLun>on</JieLun>
      <ChePai>on</ChePai>
      <CheJiaHao>on</CheJiaHao>
      <YinZhang>on</YinZhang>
      <QianMing>on</QianMing>
      <YinZhang_MA>off</YinZhang_MA>
      <YouXiaoQi>off</YouXiaoQi>
      <CaoZuoYuan>off</CaoZuoYuan>
      <JiaShiYuan>off</JiaShiYuan>
      <PiZhunRen>off</PiZhunRen>
      <ShenHeYuan>off</ShenHeYuan>
      <DianZiBiaoGe>off</DianZiBiaoGe>
      <JianCeShiJian>on</JianCeShiJian>
      <FaDongJiBianHao>off</FaDongJiBianHao>
      <DianZiBaoGao>off</DianZiBaoGao>
    </WeiQiJianYan>
    <ZuoDengGuang number = "0321">
      <ZuoQianDeng>on</ZuoQianDeng>
      <YouQianDeng>off</YouQianDeng>
      <ChePai>on</ChePai>
      <QianMian>on</QianMian>
      <ShuiYinRiQi>off</ShuiYinRiQi>
    </ZuoDengGuang>
    <YouDengGuang number = "0352">
      <ZuoQianDeng>on</ZuoQianDeng>
      <YouQianDeng>off</YouQianDeng>
      <ChePai>on</ChePai>
      <QianMian>on</QianMian>
      <ShuiYinRiQi>off</ShuiYinRiQi>
    </YouDengGuang>
    <YiZhouZhiDong number = "0322">
      <QianLun>on</QianLun>
      <ChePai>on</ChePai>
      <ShuiYinRiQi>off</ShuiYinRiQi>
    </YiZhouZhiDong>
    <ErZhouZhiDong number = "0348">
      <HouLun>on</HouLun>
      <ChePai>on</ChePai>
      <ShuiYinRiQi>off</ShuiYinRiQi>
    </ErZhouZhiDong>
    <ZhuCheZhiDong number = "0351">
      <ChePai>on</ChePai>
      <CheLun>off</CheLun>
      <ShuiYinRiQi>off</ShuiYinRiQi>
    </ZhuCheZhiDong>
    <DiPanDongTaiKaiShi number = "0344">
      <ChePai>on</ChePai>
      <YiDong>off</YiDong>
      <BiaoZhi>off</BiaoZhi>
      <ChePaiQueDing>off</ChePaiQueDing>
      <ShuiYinRiQi>off</ShuiYinRiQi>
    </DiPanDongTaiKaiShi>
    <DiPanDongTaiJieShu number = "0342">
      <ChePai>on</ChePai>
      <YiDong>off</YiDong>
      <BiaoZhi>off</BiaoZhi>
      <ShuiYinRiQi>off</ShuiYinRiQi>
    </DiPanDongTaiJieShu>
    <DiPanBuJian number = "0323">
      <GongWei>off</GongWei>
      <ChePai>off</ChePai>
      <ShuiYinRiQi>off</ShuiYinRiQi>
      <Ren>on</Ren>
    </DiPanBuJian>
    <ChaYanJiLu number = " ">
      <JianYanBiao>off</JianYanBiao>
      <ChaYanXinXi>off</ChaYanXinXi>
      <ChePai>off</ChePai>
      <CheJiaHao>off</CheJiaHao>
      <ChaYanQianZi>off</ChaYanQianZi>
      <ChaYanJieLun>off</ChaYanJieLun>
      <WaiGuanQianZi>off</WaiGuanQianZi>
      <YinCheQianZi>off</YinCheQianZi>
      <DiPanQianZi>on</DiPanQianZi>
      <HongZhang>off</HongZhang>
    </ChaYanJiLu>
    <QianHaoPai number = " ">
      <ChePai>off</ChePai>
    </QianHaoPai>
    <HouHaoPai number = " ">
      <ChePai>off</ChePai>
    </HouHaoPai>
    <ShenFenZheng number = " ">
      <ShenFenZheng>off</ShenFenZheng>
    </ShenFenZheng>
    <ShenFenZhengBeiMian number = " ">
      <ShenFenZheng>off</ShenFenZheng>
      <YouXiaoQi>off</YouXiaoQi>
    </ShenFenZhengBeiMian>
    <JianYanBiaoBeiMian number = " ">
      <JianYanBiaoBeiMian>off</JianYanBiaoBeiMian>
      <DiPan>off</DiPan>
      <WaiGuan>off</WaiGuan>
      <YinChe>off</YinChe>
    </JianYanBiaoBeiMian>
    <WanShuiZhengMing number = " ">
      <CheJiaHao>off</CheJiaHao>
      <SuoShuRiQi>off</SuoShuRiQi>
      <ChePai>off</ChePai>
      <CheChuanShui>off</CheChuanShui>
      <JianCeRiQi>off</JianCeRiQi>
      <BaoXianDan>off</BaoXianDan>
    </WanShuiZhengMing>
    <WeiTuoTongZhiShu number = " ">
      <WeiTuoTongZhiShu>off</WeiTuoTongZhiShu>
      <ChePai>off</ChePai>
      <CheJiaHao>off</CheJiaHao>
      <YinZhang>off</YinZhang>
    </WeiTuoTongZhiShu>
    <MieHuoQi number = "0116">
      <MieHuoQi>off</MieHuoQi>
      <YaLiBiao>on</YaLiBiao>
    </MieHuoQi>
    <YingJiChui number = "0117">
      <YingJiChui>on</YingJiChui>
    </YingJiChui>
    <JiLuYi number = "0118">
      <JiLuYi>on</JiLuYi>
      <RenZheng>on</RenZheng>
      <PingMu>on</PingMu>
    </JiLuYi>
    <ZuoQianLun number = "0136">
      <LunTai>on</LunTai>
    </ZuoQianLun>
    <YouQianLun number = "0154">
      <LunTai>on</LunTai>
    </YouQianLun>
    <CheXiang number = "0115">
      <GaiZhuang>on</GaiZhuang>
      <FengDing>on</FengDing>
      <ZuoWei>on</ZuoWei>
      <CheLiangLeiXing>off</CheLiangLeiXing>
      <JiaoDu>off</JiaoDu>
    </CheXiang>
    <CeHuaGongWei number = "0353">
      <ChePai>on</ChePai>
    </CeHuaGongWei>
    <WaiKuoQianMian number = "0360">
      <ChePai>on</ChePai>
    </WaiKuoQianMian>
    <WaiKuoCeMian number = "0361">
      <ChePai>on</ChePai>
    </WaiKuoCeMian>
    <DaCheHaoPai number = " ">
      <ChePai>off</ChePai>
    </DaCheHaoPai>
    <WeiXiangNeiBu number = " ">
      <GaiZhuang>off</GaiZhuang>
    </WeiXiangNeiBu>
    <FuZhuZhiDong number = " ">
      <FuZhuZhiDong>off</FuZhuZhiDong>
    </FuZhuZhiDong>
    <ABS number = " ">
      <ABS>off</ABS>
    </ABS>
    <CheLiangCeMian number = " ">
      <CheLiangCeMian>off</CheLiangCeMian>
    </CheLiangCeMian>
    <CheLiangBeiMian number = " ">
      <CheLiangBeiMian>off</CheLiangBeiMian>
      <ChePai>off</ChePai>
      <CheBiao>off</CheBiao>
      <SanJiaoJia>off</SanJiaoJia>
      <XiaBuFangHu>off</XiaBuFangHu>
      <WeiBuBiaoZhi>off</WeiBuBiaoZhi>
      <PenTuHaoMa>off</PenTuHaoMa>
      <CheShenFanGuangBiaoShi>off</CheShenFanGuangBiaoShi>
    </CheLiangBeiMian>
    <HeDingZaiKe number = " ">
      <HeDingZaiKe>off</HeDingZaiKe>
    </HeDingZaiKe>
    <JianCeQuXianBaoGao number = " ">
      <QuXianBaoGao>off</QuXianBaoGao>
      <ChePai>off</ChePai>
      <YinZhang>off</YinZhang>
      </JianCeQuXianBaoGao>
    <CheJiaHaoUG number = " ">
      <CheJiaHao>off</CheJiaHao>
    </CheJiaHaoUG>
  </ZhaoPian>
  <ShiPin>
    <ZuoQianFang>
      <ChePai>on</ChePai>
    </ZuoQianFang>
    <YouHouFang>
      <ChePai>on</ChePai>
    </YouHouFang>
    <YiZhouZhiDong>
      <ChePai>on</ChePai>
      <QianLun>on</QianLun>
      <WeiDeng>on</WeiDeng>
      <Ren>on</Ren>
    </YiZhouZhiDong>
    <ErZhouZhiDong>
      <ChePai>on</ChePai>
      <HouLun>on</HouLun>
      <WeiDeng>on</WeiDeng>
      <Ren>on</Ren>
    </ErZhouZhiDong>
    <ZuoDengGuang>
      <ChePai>on</ChePai>
      <QianDaDeng>on</QianDaDeng>
      <Ren>on</Ren>
      <CeShiYi>on</CeShiYi>
    </ZuoDengGuang>
    <YouDengGuang>
      <ChePai>on</ChePai>
      <QianDaDeng>on</QianDaDeng>
      <Ren>on</Ren>
      <CeShiYi>on</CeShiYi>
    </YouDengGuang>
    <DongTaiGongWei_1>
      <ChePai>on</ChePai>
      <WeiYi>on</WeiYi>
    </DongTaiGongWei_1>
    <DongTaiGongWei_2>
      <ChePai>on</ChePai>
      <WeiYi>on</WeiYi>
    </DongTaiGongWei_2>
    <DiPanGongWei>
      <Ren>on</Ren>
    </DiPanGongWei>
    <ZhuCheZhiDong_GunTong>
      <ChePai>on</ChePai>
      <HouLun>on</HouLun>
      <TaiQi>on</TaiQi>
      <Ren>on</Ren>
    </ZhuCheZhiDong_GunTong>
    <ZhuCheZhiDong_PingBan>
      <ChePai>on</ChePai>
      <CheLun>on</CheLun>
      <WeiDeng>on</WeiDeng>
      <Ren>on</Ren>
    </ZhuCheZhiDong_PingBan>
  </ShiPin>
  <SuzhouVideo>
    <SpaoConnect>
      <soapflag>off</soapflag>
    </SpaoConnect>
    <Download>
      <dlflag>off</dlflag>
    </Download>
     <V_CheLiangZuoQianFang>
       <ChePai>on</ChePai>	 
     </V_CheLiangZuoQianFang>
      <V_CheLiangYouHouFang>
       <ChePai>on</ChePai>	 
     </V_CheLiangYouHouFang>
     <V_YiZhouZhiDong>
       <ChePai>on</ChePai>
       <QianLun>on</QianLun>
       <WeiDeng>on</WeiDeng>
       <Ren>on</Ren> 
     </V_YiZhouZhiDong>
     <V_ErZhouZhiDong>
       <ChePai>on</ChePai>
       <HouLun>on</HouLun>
       <WeiDeng>on</WeiDeng>
       <Ren>on</Ren> 
     </V_ErZhouZhiDong>
     <V_PingBanZhiDong>
       <ChePai>on</ChePai>
       <PingBan>on</PingBan>
       <WeiDeng>on</WeiDeng>
       <Ren>on</Ren> 
     </V_PingBanZhiDong>
     <V_ZuoDengGuang>
       <ChePai>on</ChePai>
       <CeShiYi>on</CeShiYi>
       <QianDaDeng>on</QianDaDeng>
       <Ren>on</Ren> 
     </V_ZuoDengGuang>
     <V_YouDengGuang>
       <ChePai>on</ChePai>
       <CeShiYi>on</CeShiYi>
       <QianDaDeng>on</QianDaDeng>
       <Ren>on</Ren> 
     </V_YouDengGuang>
     <V_DiPan>
       <Ren>on</Ren> 
     </V_DiPan>
     <V_GunLunZhuChe>
       <ChePai>on</ChePai>
       <HouLun>on</HouLun>
       <TaiQi>on</TaiQi>
       <Ren>on</Ren> 
     </V_GunLunZhuChe>
     <V_PingBanZhuChe>
       <ChePai>on</ChePai>
       <WeiDeng>on</WeiDeng>
       <CheLun>on</CheLun> 
       <Ren>on</Ren> 
     </V_PingBanZhuChe>
  </SuzhouVideo>
</Items>

