<?xml version="1.0" encoding="UTF-8"?>
<config>
  <trace_level>2</trace_level>
  <device_ID>0</device_ID>
  <requestUri>/pnweb/services/TmriOutAccess</requestUri>
  <remoteServerIp>192.168.0.10</remoteServerIp>
  <remoteServerPort>9080</remoteServerPort>
  <SOAP_ServerPort>9080</SOAP_ServerPort>
  <localServerIp>192.168.1.214</localServerIp>
  <localServerPort>8999</localServerPort>
  <SlaveCount>6</SlaveCount>
  <master>
    <IP>192.168.1.214</IP>
    <port>8999</port>
  </master>
  <slave>
    <IP>192.168.1.215</IP>
    <port>8999</port>
  </slave>
  <slave>
    <IP>192.168.1.216</IP>
    <port>8999</port>
  </slave>
  <slave>
    <IP>192.168.1.217</IP>
    <port>8999</port>
  </slave>
  <slave>
    <IP>192.168.31.247</IP>
    <port>8999</port>
  </slave>
  <slave>
    <IP>192.168.21.220</IP>
    <port>8999</port>
  </slave>
  <slave>
    <IP>192.168.39.199</IP>
    <port>8999</port>
  </slave>
  <photoUri>pnweb</photoUri>
  <photoFilePath>/opt/vehicle/vehicle_photo/</photoFilePath>
  <videoFilePath>/opt/vehicle/vehicle_video/</videoFilePath>
  <confJkxlh>7C1E0909030717040015F9E4E6EF8A878CDAEEE084979EABFABFA2C7A49D636E</confJkxlh>
  <confJkid>18B01</confJkid>
  <confXtlb>18</confXtlb>
  <demo_path>/opt/vehicle/demo_photo/</demo_path>
  <NvrDwlDuration>0</NvrDwlDuration>
  <KeepVideoFile>1</KeepVideoFile>
  <DownloadLimit>3</DownloadLimit>
  <QueryNumber>10</QueryNumber>
  <QueryInterval>10</QueryInterval>
</config>
