<?xml version="1.0" encoding="UTF-8"?>
<Items>
  <City>4406</City>
  <GongZuoShiJian>
    <KaiShi>6</KaiShi>
    <JieShu>21</JieShu>
  </GongZuoShiJian>
  <JianYanLeiBie>
    <LeiBie>01</LeiBie>
  </JianYanLeiBie>
  <CheLiangXingZhi>
    <XingZhi>A</XingZhi>
  </CheLiangXingZhi>
  <CheLiangZhongLei>K31,K32,K33,K34,K41,K42,K43</CheLiangZhongLei>
  <JianYanJiGou>
    <BianHao priority="0">4406000040</BianHao>
    <BianHao priority="0">4406000025</BianHao>
    <BianHao priority="0">4406000024</BianHao>
    <BianHao priority="0">4406000018</BianHao>
    <BianHao priority="0">4406000012</BianHao>
    <BianHao priority="0">4406000010</BianHao>
    <BianHao priority="0">4406000009</BianHao>
    <BianHao priority="0">4406000008</BianHao>
    <BianHao priority="0">4400000175</BianHao>
    <BianHao priority="0">4400000484</BianHao>
    <BianHao priority="0">4400000102</BianHao>
    <BianHao priority="0">4400000176</BianHao>
    <BianHao priority="0">4400000186</BianHao>
    <BianHao priority="0">4400000181</BianHao>
    <BianHao priority="0">4400000473</BianHao>
    <BianHao priority="0">4400000420</BianHao>
    <BianHao priority="0">4490000003</BianHao>
    <BianHao priority="0">4400000403</BianHao>
    <BianHao priority="0">4400000183</BianHao>
    <BianHao priority="0">4490000001</BianHao>
    <BianHao priority="0">4406000038</BianHao>
    <BianHao priority="0">4406000041</BianHao>
    <BianHao priority="0">4406000050</BianHao>
    <BianHao priority="0">4406000059</BianHao>
  </JianYanJiGou>
  <ZhaoPian>
    <ZuoQianFang>
      <ChePai>on</ChePai>
      <CheBiao>on</CheBiao>
      <SanJiaoJia>off</SanJiaoJia>
      <GaiZhuang>on</GaiZhuang>
      <ShuiYinRiQi>off</ShuiYinRiQi>
    </ZuoQianFang>
    <YouHouFang>
      <ChePai>on</ChePai>
      <CheBiao>on</CheBiao>
      <SanJiaoJia>on</SanJiaoJia>
      <GaiZhuang>off</GaiZhuang>
      <ShuiYinRiQi>off</ShuiYinRiQi>
    </YouHouFang>
    <CheJiaHao>
      <CheJiaHao>on</CheJiaHao>
      <ShuiYinRiQi>off</ShuiYinRiQi>
      <TaYinMo>off</TaYinMo>
    </CheJiaHao>
    <AnQuanDai>
      <AnQuanDai>on</AnQuanDai>
      <ShuiYinRiQi>off</ShuiYinRiQi>
    </AnQuanDai>
    <XingShiZheng>
      <CheJiaHao>on</CheJiaHao>
      <ChePai>on</ChePai>
      <BianHao>on</BianHao>
      <FaZhengRiQi>on</FaZhengRiQi>
      <BeiMian>on</BeiMian>
    </XingShiZheng>
    <XingShiZhengBeiMian>
      <FuYe>on</FuYe>
    </XingShiZhengBeiMian>
    <JiaoQiangXian>
      <FuBen>off</FuBen>
      <ChePai>off</ChePai>
      <CheJiaHao>on</CheJiaHao>
      <YouXiaoQi>on</YouXiaoQi>
      <GongZhang>on</GongZhang>
      <CheChuanShui>off</CheChuanShui>
      <DianZiBaoDan>off</DianZiBaoDan>
    </JiaoQiangXian>
    <CheChuanShui>
      <CheJiaHao>on</CheJiaHao>
      <RiQi>on</RiQi>
    </CheChuanShui>
    <JianYanBaoGao>
      <CheJiaHao>on</CheJiaHao>
      <ChePai>on</ChePai>
      <QianMing>on</QianMing>
      <YinZhang>on</YinZhang>
      <JieLun>on</JieLun>
      <ShuJuXiang>on</ShuJuXiang>
    </JianYanBaoGao>
    <JianYanBaoGao_YiQi>
      <YiQi>on</YiQi>
      <HongZhang>on</HongZhang>
      <JieLun>off</JieLun>
      <ChePai>on</ChePai>
      <CheJiaHao>on</CheJiaHao>
      <QianMing>off</QianMing>
      <YinZhang_MA>on</YinZhang_MA>
      </JianYanBaoGao_YiQi>
    <WeiTuoShu>
      <IsWeiTuoShu>on</IsWeiTuoShu>
      <HongZhang>off</HongZhang>
      <ShenFenZheng>on</ShenFenZheng>
    </WeiTuoShu>
    <ShenQingBiao>
      <ShouJi_BenRen>off</ShouJi_BenRen>
      <ShouJi_DaiLi>off</ShouJi_DaiLi>
      <ChePai>on</ChePai>
      <CheJiaHao>off</CheJiaHao>
      <QianMing>off</QianMing>
    </ShenQingBiao>
    <WeiQiJianYan>
      <JieLun>on</JieLun>
      <ChePai>on</ChePai>
      <CheJiaHao>on</CheJiaHao>
      <YinZhang>on</YinZhang>
      <QianMing>on</QianMing>
    </WeiQiJianYan>
    <ZuoDengGuang>
      <ZuoQianDeng>on</ZuoQianDeng>
      <YouQianDeng>on</YouQianDeng>
      <ChePai>on</ChePai>
      <QianMian>off</QianMian>
    </ZuoDengGuang>
    <YouDengGuang>
      <ZuoQianDeng>on</ZuoQianDeng>
      <YouQianDeng>on</YouQianDeng>
      <ChePai>on</ChePai>
      <QianMian>off</QianMian>
    </YouDengGuang>
    <YiZhouZhiDong>
      <QianLun>on</QianLun>
      <ChePai>on</ChePai>
    </YiZhouZhiDong>
    <ErZhouZhiDong>
      <HouLun>on</HouLun>
      <ChePai>on</ChePai>
    </ErZhouZhiDong>
    <ZhuCheZhiDong>
      <ChePai>on</ChePai>
    </ZhuCheZhiDong>
    <DiPanDongTaiKaiShi>
      <ChePai>on</ChePai>
      <ChePaiQueDing>on</ChePaiQueDing>
      <YiDong>off</YiDong>
      <ShuiYinRiQi>off</ShuiYinRiQi>
    </DiPanDongTaiKaiShi>
    <DiPanDongTaiJieShu>
      <ChePai>on</ChePai>
      <YiDong>off</YiDong>
      <ShuiYinRiQi>off</ShuiYinRiQi>
    </DiPanDongTaiJieShu>
    <DiPanBuJian>
      <GongWei>on</GongWei>
      <ChePai>on</ChePai>
      <ShuiYinRiQi>off</ShuiYinRiQi>
      <Ren>off</Ren>
    </DiPanBuJian>
    <ChaYanJiLu>
      <JianYanBiao>on</JianYanBiao>
      <ChePai>off</ChePai>
      <CheJiaHao>off</CheJiaHao>
      <WaiGuanQianZi>off</WaiGuanQianZi>
      <YinCheQianZi>off</YinCheQianZi>
      <DiPanQianZi>off</DiPanQianZi>
    </ChaYanJiLu>
    <WanShuiZhengMing>
      <CheJiaHao>on</CheJiaHao> 
      <ChePai>on</ChePai> 
      <CheChuanShui>on</CheChuanShui> 
      <SuoShuRiQi>on</SuoShuRiQi> 
      <JianCeRiQi>on</JianCeRiQi> 
      <BaoXianDan>on</BaoXianDan>
    </WanShuiZhengMing>
  </ZhaoPian>
  <ShiPin>
    <ZuoQianFang>
      <ChePai>on</ChePai>
    </ZuoQianFang>
    <YouHouFang>
      <ChePai>on</ChePai>
    </YouHouFang>
    <YiZhouZhiDong>
      <ChePai>off</ChePai>
      <QianLun>on</QianLun>
      <WeiDeng>on</WeiDeng>
      <Ren>on</Ren>
    </YiZhouZhiDong>
    <ErZhouZhiDong>
      <ChePai>off</ChePai>
      <HouLun>on</HouLun>
      <WeiDeng>on</WeiDeng>
      <Ren>on</Ren>
    </ErZhouZhiDong>
    <ZuoDengGuang>
      <ChePai>on</ChePai>
      <QianDaDeng>on</QianDaDeng>
      <Ren>on</Ren>
      <CeShiYi>on</CeShiYi>
    </ZuoDengGuang>
    <YouDengGuang>
      <ChePai>on</ChePai>
      <QianDaDeng>on</QianDaDeng>
      <Ren>on</Ren>
      <CeShiYi>on</CeShiYi>
    </YouDengGuang>
    <DongTaiGongWei_1>
      <ChePai>on</ChePai>
      <WeiYi>on</WeiYi>
    </DongTaiGongWei_1>
    <DongTaiGongWei_2>
      <ChePai>on</ChePai>
      <WeiYi>on</WeiYi>
    </DongTaiGongWei_2>
    <DiPanGongWei>
      <Ren>on</Ren>
    </DiPanGongWei>
    <ZhuCheZhiDong_GunTong>
      <ChePai>on</ChePai>
      <HouLun>on</HouLun>
      <TaiQi>on</TaiQi>
      <Ren>on</Ren>
    </ZhuCheZhiDong_GunTong>
    <ZhuCheZhiDong_PingBan>
      <ChePai>on</ChePai>
      <CheLun>on</CheLun>
      <WeiDeng>on</WeiDeng>
      <Ren>on</Ren>
    </ZhuCheZhiDong_PingBan>
  </ShiPin>
</Items>
