<?xml version="1.0" encoding="UTF-8"?>
<Items>
  <City>1306</City>
  <GongZuoShiJian>
    <KaiShi>6</KaiShi>
    <JieShu>21</JieShu>
  </GongZuoShiJian>
  <JianYanLeiBie>
  </JianYanLeiBie>
  <CheLiangXingZhi>
  </CheLiangXingZhi>
  <CheLiangZhongLei>K10,K20,K30,K40,H10,H20,H30,H40,H50</CheLiangZhongLei>
  <JianYanJiGou>
  </JianYanJiGou>
  <ZhaoPian>
    <ZuoQianFang>
      <ChePai>on</ChePai>
      <CheBiao>on</CheBiao>
      <SanJiaoJia>off</SanJiaoJia>
      <GaiZhuang>off</GaiZhuang>
      <ShuiYinRiQi>off</ShuiYinRiQi>
    </ZuoQianFang>
    <YouHouFang>
      <ChePai>on</ChePai>
      <CheBiao>on</CheBiao>
      <SanJiaoJia>on</SanJiaoJia>
      <GaiZhuang>off</GaiZhuang>
      <ShuiYinRiQi>off</ShuiYinRiQi>
    </YouHouFang>
    <CheJiaHao>
      <CheJiaHao>on</CheJiaHao>
      <ShuiYinRiQi>off</ShuiYinRiQi>
      <TaYinMo>on</TaYinMo>
      <BaoDing_FTP>on</BaoDing_FTP>
      <JiLuBiaoZiMo>on</JiLuBiaoZiMo>
    </CheJiaHao>
    <AnQuanDai>
      <AnQuanDai>on</AnQuanDai>
      <ShuiYinRiQi>off</ShuiYinRiQi>
    </AnQuanDai>
    <XingShiZheng>
      <CheJiaHao>on</CheJiaHao>
      <ChePai>on</ChePai>
      <BianHao>on</BianHao>
      <FaZhengRiQi>on</FaZhengRiQi>
    </XingShiZheng>
    <JiaoQiangXian>
      <FuBen>off</FuBen>
      <ChePai>off</ChePai>
      <CheJiaHao>on</CheJiaHao>
      <YouXiaoQi>on</YouXiaoQi>
      <GongZhang>on</GongZhang>
      <CheChuanShui>off</CheChuanShui>
      <DianZiBaoDan>off</DianZiBaoDan>
      <FaDongJiHao>on</FaDongJiHao>
    </JiaoQiangXian>
    <CheChuanShui>
      <CheJiaHao>off</CheJiaHao>
      <RiQi>off</RiQi>
    </CheChuanShui>
    <JianYanBaoGao>
      <CheJiaHao>on</CheJiaHao>
      <ChePai>on</ChePai>
      <QianMing>on</QianMing>
      <YinZhang>on</YinZhang>
      <JieLun>on</JieLun>
      <ShuJuXiang>on</ShuJuXiang>
      <YinZhang_MA>on</YinZhang_MA>
    </JianYanBaoGao>
    <ShenQingBiao>
      <ShouJi_BenRen>on</ShouJi_BenRen>
      <ShouJi_DaiLi>off</ShouJi_DaiLi>
      <ChePai>on</ChePai>
      <CheJiaHao>off</CheJiaHao>
      <QianMing>on</QianMing>
    </ShenQingBiao>
    <WeiQiJianYan>
      <JieLun>on</JieLun>
      <ChePai>on</ChePai>
      <CheJiaHao>on</CheJiaHao>
      <YinZhang>on</YinZhang>
      <QianMing>on</QianMing>
      <YinZhang_MA>on</YinZhang_MA>
    </WeiQiJianYan>
    <ZuoDengGuang>
      <ZuoQianDeng>on</ZuoQianDeng>
      <YouQianDeng>on</YouQianDeng>
      <ChePai>on</ChePai>
      <QianMian>on</QianMian>
    </ZuoDengGuang>
    <YouDengGuang>
      <ZuoQianDeng>on</ZuoQianDeng>
      <YouQianDeng>on</YouQianDeng>
      <ChePai>on</ChePai>
      <QianMian>on</QianMian>
    </YouDengGuang>
    <YiZhouZhiDong>
      <QianLun>on</QianLun>
      <ChePai>on</ChePai>
    </YiZhouZhiDong>
    <ErZhouZhiDong>
      <HouLun>on</HouLun>
      <ChePai>on</ChePai>
    </ErZhouZhiDong>
    <ZhuCheZhiDong>
      <ChePai>on</ChePai>
    </ZhuCheZhiDong>
    <DiPanDongTaiKaiShi>
      <ChePai>on</ChePai>
      <YiDong>on</YiDong>
      <ShuiYinRiQi>off</ShuiYinRiQi>
    </DiPanDongTaiKaiShi>
    <DiPanDongTaiJieShu>
      <ChePai>on</ChePai>
      <YiDong>on</YiDong>
      <ShuiYinRiQi>off</ShuiYinRiQi>
    </DiPanDongTaiJieShu>
    <DiPanBuJian>
      <GongWei>off</GongWei>
      <ChePai>off</ChePai>
      <ShuiYinRiQi>off</ShuiYinRiQi>
      <Ren>on</Ren>
    </DiPanBuJian>
    <ChaYanJiLu>
      <JianYanBiao>on</JianYanBiao>
      <ChaYanXinXi>off</ChaYanXinXi>
      <ChePai>on</ChePai>
      <CheJiaHao>off</CheJiaHao>
      <ChaYanQianZi>on</ChaYanQianZi>
      <ChaYanJieLun>on</ChaYanJieLun>
      <WaiGuanQianZi>off</WaiGuanQianZi>
      <YinCheQianZi>off</YinCheQianZi>
      <DiPanQianZi>off</DiPanQianZi>
    </ChaYanJiLu>
    <MieHuoQi>
      <MieHuoQi>on</MieHuoQi>
      <YaLiBiao>on</YaLiBiao>
    </MieHuoQi>
    <YingJiChui>
      <YingJiChui>on</YingJiChui>
    </YingJiChui>
    <JiLuYi>
      <JiLuYi>on</JiLuYi>
      <RenZheng>on</RenZheng>
      <PingMu>on</PingMu>
    </JiLuYi>
    <ZuoQianLun>
      <LunTai>on</LunTai>
    </ZuoQianLun>
    <YouQianLun>
      <LunTai>on</LunTai>
    </YouQianLun>
    <CheXiang>
      <GaiZhuang>on</GaiZhuang>
      <FengDing>on</FengDing>
      <ZuoWei>on</ZuoWei>
    </CheXiang>
    <CeHuaGongWei>
      <ChePai>on</ChePai>
    </CeHuaGongWei>
    <WaiKuoQianMian>
      <ChePai>on</ChePai>
    </WaiKuoQianMian>
    <WaiKuoCeMian>
      <ChePai>on</ChePai>
    </WaiKuoCeMian>
  </ZhaoPian>
  <ShiPin>
    <ZuoQianFang>
      <ChePai>on</ChePai>
    </ZuoQianFang>
    <YouHouFang>
      <ChePai>on</ChePai>
    </YouHouFang>
    <YiZhouZhiDong>
      <ChePai>on</ChePai>
      <QianLun>on</QianLun>
      <WeiDeng>on</WeiDeng>
      <Ren>on</Ren>
    </YiZhouZhiDong>
    <ErZhouZhiDong>
      <ChePai>on</ChePai>
      <HouLun>on</HouLun>
      <WeiDeng>on</WeiDeng>
      <Ren>on</Ren>
    </ErZhouZhiDong>
    <ZuoDengGuang>
      <ChePai>on</ChePai>
      <QianDaDeng>on</QianDaDeng>
      <Ren>on</Ren>
      <CeShiYi>on</CeShiYi>
    </ZuoDengGuang>
    <YouDengGuang>
      <ChePai>on</ChePai>
      <QianDaDeng>on</QianDaDeng>
      <Ren>on</Ren>
      <CeShiYi>on</CeShiYi>
    </YouDengGuang>
    <DongTaiGongWei_1>
      <ChePai>on</ChePai>
      <WeiYi>on</WeiYi>
    </DongTaiGongWei_1>
    <DongTaiGongWei_2>
      <ChePai>on</ChePai>
      <WeiYi>on</WeiYi>
    </DongTaiGongWei_2>
    <DiPanGongWei>
      <Ren>on</Ren>
    </DiPanGongWei>
    <ZhuCheZhiDong_GunTong>
      <ChePai>on</ChePai>
      <HouLun>on</HouLun>
      <TaiQi>on</TaiQi>
      <Ren>on</Ren>
    </ZhuCheZhiDong_GunTong>
    <ZhuCheZhiDong_PingBan>
      <ChePai>on</ChePai>
      <CheLun>on</CheLun>
      <WeiDeng>on</WeiDeng>
      <Ren>on</Ren>
    </ZhuCheZhiDong_PingBan>
  </ShiPin>
  <SuzhouVideo>
     <SpaoConnect>off</SpaoConnect>
     <Download>off</Download>
     <V_CheLiangZuoQianFang>
       <ChePai>on</ChePai>	 
     </V_CheLiangZuoQianFang>
      <V_CheLiangYouHouFang>
       <ChePai>on</ChePai>	 
     </V_CheLiangYouHouFang>
     <V_YiZhouZhiDong>
       <ChePai>on</ChePai>
       <WeiDengGuang>on</WeiDengGuang>
       <YiZhou>on</YiZhou>
       <RenJianCe>on</RenJianCe> 
     </V_YiZhouZhiDong>
     <V_ErZhouZhiDong>
       <ChePai>on</ChePai>
       <ErZhou>on</ErZhou>
       <WeiDengGuang>on</WeiDengGuang>
       <RenJianCe>on</RenJianCe> 
     </V_ErZhouZhiDong>
     <V_PingBanZhiDong>
       <ChePai>on</ChePai>
       <PingBan>on</PingBan>
       <WeiDengGuang>on</WeiDengGuang>
       <RenJianCe>on</RenJianCe> 
     </V_PingBanZhiDong>
     <V_ZuoDengGuang>
       <ChePai>on</ChePai>
       <DengGuang>on</DengGuang>
       <JianCeYiDong>on</JianCeYiDong>
       <RenJianCe>on</RenJianCe> 
     </V_ZuoDengGuang>
     <V_YouDengGuang>
       <ChePai>on</ChePai>
       <DengGuang>on</DengGuang>
       <JianCeYiDong>on</JianCeYiDong>
       <RenJianCe>on</RenJianCe> 
     </V_YouDengGuang>
     <V_DiPan>
       <RenJianCe>on</RenJianCe> 
     </V_DiPan>
     <V_GunLunZhuChe>
       <ChePai>on</ChePai>
       <ErZhou>on</ErZhou>
       <ZhiDong>on</ZhiDong>
       <RenJianCe>on</RenJianCe> 
     </V_GunLunZhuChe>
     <V_PingBanZhuChe>
       <ChePai>on</ChePai>
       <PingBan>on</PingBan>
       <WeiDengGuang>on</WeiDengGuang>
       <RenJianCe>on</RenJianCe> 
     </V_PingBanZhuChe>
  </SuzhouVideo>
</Items>
