<?xml version="1.0" encoding="UTF-8"?>
<config>
  <trace_level>4</trace_level>
  <device_ID>142</device_ID>
  <requestUri>/pnweb/services/TmriOutAccess</requestUri>
  <remoteServerIp>192.168.8.3</remoteServerIp>
  <remoteServerPort>9080</remoteServerPort>
  <SOAP_ServerPort>9080</SOAP_ServerPort>
  <localServerIp>192.168.8.142</localServerIp>
  <localServerPort>9000</localServerPort>
  <SlaveCount>12</SlaveCount>
  <master>
    <IP>192.168.8.142</IP>
  </master>
  <slave>
    <IP>192.168.8.143</IP>
    <port>9000</port>
  </slave>
  <slave>
    <IP>192.168.8.144</IP>
    <port>9000</port>
  </slave>
  <slave>
    <IP>192.168.8.145</IP>
    <port>9000</port>
  </slave>
  <slave>
    <IP>192.168.8.146</IP>
    <port>9000</port>
  </slave>
  <slave>
    <IP>192.168.8.147</IP>
    <port>9000</port>
  </slave>
  <slave>
    <IP>192.168.8.148</IP>
    <port>9000</port>
  </slave>
  <slave>
    <IP>192.168.8.149</IP>
    <port>9000</port>
  </slave>
  <slave>
    <IP>192.168.8.150</IP>
    <port>9000</port>
  </slave>
  <slave>
    <IP>192.168.8.151</IP>
    <port>9000</port>
  </slave>
  <slave>
    <IP>192.168.8.152</IP>
    <port>9000</port>
  </slave>
  <slave>
    <IP>192.168.8.153</IP>
    <port>9000</port>
  </slave>
  <slave>
    <IP>192.168.8.154</IP>
    <port>9000</port>
  </slave>
  <photoUri>pnweb</photoUri>
  <photoFilePath>/opt/vehicle/vehicle_photo/</photoFilePath>
  <videoFilePath>/opt/vehicle/vehicle_video/</videoFilePath>
  <confJkxlh>7C1E09090307170400158392869A8A878CDAEEE084979EABFABFA2C7A49D636E</confJkxlh>
  <confJkid>18B01</confJkid>
  <confXtlb>18</confXtlb>
  <demo_path>/opt/vehicle/demo_photo/</demo_path>
  <NvrDwlDuration>0</NvrDwlDuration>
  <KeepVideoFile>1</KeepVideoFile>
  <DownloadLimit>3</DownloadLimit>
  <QueryNumber>20</QueryNumber>
  <QueryInterval>10</QueryInterval>
</config>
