<?xml version="1.0" encoding="UTF-8"?>
<Items>
  <City>3201</City>
  <GongZuoShiJian>
    <KaiShi>0</KaiShi>
    <JieShu>24</JieShu>
  </GongZuoShiJian>
  <JianYanLeiBie>
  </JianYanLeiBie>
  <ShiYongXingZhi></ShiYongXingZhi>
  <CheLiangZhongLei>K10,K20,K30,K40,H10,H20,H30,H40</CheLiangZhongLei>
  <JianYanJiGou>
	<BianHao assignment_IP = "">3201000007</BianHao>
	<BianHao assignment_IP = "">3201000008</BianHao>
	<BianHao assignment_IP = "">3201000009</BianHao>
	<BianHao assignment_IP = "">3201000010</BianHao>
	<BianHao assignment_IP = "">3201000011</BianHao>
	<BianHao assignment_IP = "">3201000012</BianHao>
	<BianHao assignment_IP = "">3201000003</BianHao>
	<BianHao assignment_IP = "">3201000002</BianHao>
	<BianHao assignment_IP = "">3201000001</BianHao>
	<BianHao assignment_IP = "">3200000050</BianHao>
	<BianHao assignment_IP = "">3200000047</BianHao>
	<BianHao assignment_IP = "">3200000145</BianHao>
	<BianHao assignment_IP = "">3200000118</BianHao>
	<BianHao assignment_IP = "">3200000087</BianHao>
	<BianHao assignment_IP = "">3200000052</BianHao>
	<BianHao assignment_IP = "">3200000025</BianHao>
	<BianHao assignment_IP = "">3200000019</BianHao>
	<BianHao assignment_IP = "">3200000162</BianHao>
	<BianHao assignment_IP = "">3200000061</BianHao>
	<BianHao assignment_IP = "">3200000044</BianHao>
	<BianHao assignment_IP = "">3200000042</BianHao>
	<BianHao assignment_IP = "">3200000063</BianHao>
	<BianHao assignment_IP = "">3200000043</BianHao>
	<BianHao assignment_IP = "">3200000160</BianHao>
	<BianHao assignment_IP = "">3200000045</BianHao>
	<BianHao assignment_IP = "">3200000059</BianHao>
	<BianHao assignment_IP = "">3200000073</BianHao>
	<BianHao assignment_IP = "">3200000072</BianHao>
	<BianHao assignment_IP = "">3299000035</BianHao>
	<BianHao assignment_IP = "">3200000067</BianHao>
	<BianHao assignment_IP = "">3200000066</BianHao>
	<BianHao assignment_IP = "">3201000006</BianHao>
	<BianHao assignment_IP = "">3201000013</BianHao>
	<BianHao assignment_IP = "">3200000135</BianHao>
	<BianHao assignment_IP = "">3200000049</BianHao>
	<BianHao assignment_IP = "">3200000147</BianHao>
	<BianHao assignment_IP = "">3200000051</BianHao>
	<BianHao assignment_IP = "">3201000014</BianHao>
	<BianHao assignment_IP = "">3201000015</BianHao>
	<BianHao assignment_IP = "">3200000192</BianHao>
	<BianHao assignment_IP = "">3201000017</BianHao>
	<BianHao assignment_IP = "">3201000018</BianHao>
	<BianHao assignment_IP = "">3201000020</BianHao>
	<BianHao assignment_IP = "">3201000022</BianHao>
	<BianHao assignment_IP = "">3201000023</BianHao>
	<BianHao assignment_IP = "">3201000024</BianHao>
	<BianHao assignment_IP = "">3201000025</BianHao>
	<BianHao assignment_IP = "">3201000026</BianHao>
	<BianHao assignment_IP = "">3201000028</BianHao>
	<BianHao assignment_IP = "">3201000030</BianHao>
	<BianHao assignment_IP = "">3201000031</BianHao>
	<BianHao assignment_IP = "">3201000032</BianHao>
	<BianHao assignment_IP = "">3201000033</BianHao>
	<BianHao assignment_IP = "">3201000034</BianHao>
	<BianHao assignment_IP = "">3201000035</BianHao>
	<BianHao assignment_IP = "">3201000036</BianHao>
	<BianHao assignment_IP = "">3201000038</BianHao>
	<BianHao assignment_IP = "">3201000040</BianHao>
  </JianYanJiGou>
  <ZhaoPian>
    <ZuoQianFang number = "0111">
      <ChePai>on</ChePai>
      <CheBiao>on</CheBiao>
      <SanJiaoJia>off</SanJiaoJia>
      <GaiZhuang>on</GaiZhuang>
      <ShuiYinRiQi>on</ShuiYinRiQi>
	  <ZuoCeFangHu>off</ZuoCeFangHu>
	  <ZuoCePenTu>off</ZuoCePenTu>
	  <CheShenFanGuangBiaoShi>off</CheShenFanGuangBiaoShi> 
    </ZuoQianFang>
	<ZuoFang number = " ">
	  <ChePai>off</ChePai>
	  <GaiZhuang>off</GaiZhuang>
	  <GuangGao>off</GuangGao>
	</ZuoFang>
    <YouHouFang number = "0112">
      <ChePai>on</ChePai>
      <CheBiao>on</CheBiao>
      <SanJiaoJia>on</SanJiaoJia>
      <GaiZhuang>off</GaiZhuang>
      <ShuiYinRiQi>on</ShuiYinRiQi>
      <PaiQiKong>off</PaiQiKong>
	  <YouCeFangHu>off</YouCeFangHu>
	  <HouBuPenTu>off</HouBuPenTu>
	  <LanBanGaoDu>off</LanBanGaoDu>
	  <HouXiaFangHu>off</HouXiaFangHu>
	  <CheLiangWeiBuBiaoZhiBan>off</CheLiangWeiBuBiaoZhiBan>
	  <HouBuCheShenFanGuangBiaoShi>off</HouBuCheShenFanGuangBiaoShi>
	  <YouCeCheShenFanGuangBiaoShi>off</YouCeCheShenFanGuangBiaoShi>
    </YouHouFang>
    <CheJiaHao number = "0113">
      <CheJiaHao>on</CheJiaHao>
      <ShuiYinRiQi>on</ShuiYinRiQi>
      <TaYinMo>off</TaYinMo>
      <BaoDing_FTP>off</BaoDing_FTP>
      <JiLuBiaoZiMo>off</JiLuBiaoZiMo>
	  <YuanJing>off</YuanJing>
    </CheJiaHao >
    <AnQuanDai number = "0157">
      <AnQuanDai>on</AnQuanDai>
      <ShuiYinRiQi>on</ShuiYinRiQi>
    </AnQuanDai>
    <XingShiZheng number = "0201">
      <CheJiaHao>on</CheJiaHao>
      <ChePai>on</ChePai>
      <BianHao>on</BianHao>
      <FaZhengRiQi>on</FaZhengRiQi>
      <CheLiang>off</CheLiang>
      <BeiMian>off</BeiMian>
      <ShenFenZheng>off</ShenFenZheng>
      <TianJin>off</TianJin>
    </XingShiZheng>
	<XingShiZhengBeiMian number = " ">
      <ZhuYe>off</ZhuYe>
	  <FuYe>off</FuYe>
	  <YouXiaoQi>off</YouXiaoQi>
	  <ShenFenZheng>off</ShenFenZheng>
    </XingShiZhengBeiMian>
    <JiaoQiangXian number = "0203">
      <FuBen>off</FuBen>
      <ChePai>off</ChePai>
      <ChaoJian>off</ChaoJian>
      <CheJiaHao>on</CheJiaHao>
      <YouXiaoQi>on</YouXiaoQi>
      <GongZhang>on</GongZhang>
      <CheChuanShui>on</CheChuanShui>
      <DianZiBaoDan>off</DianZiBaoDan>
      <FaDongJiHao>off</FaDongJiHao>
      <SuZhouYinZhang>off</SuZhouYinZhang>
      <ShenZhenDianZiBaoDan>off</ShenZhenDianZiBaoDan>
    </JiaoQiangXian>
    <JianYanBaoGao number = "0204">
      <CheJiaHao>on</CheJiaHao>
      <ChePai>on</ChePai>
      <QianMing>on</QianMing>
      <YinZhang>on</YinZhang>
      <JieLun>on</JieLun>
      <ShuJuXiang>on</ShuJuXiang>
      <CheLiang_type>on</CheLiang_type>
      <YinZhang_MA>off</YinZhang_MA>
      <QueRenZhang>off</QueRenZhang>
      <HaoPaiZhongLei>off</HaoPaiZhongLei>
    </JianYanBaoGao>
    <JianYanBaoGao_YiQi number = " ">
    	<YiQi>on</YiQi>
	<HongZhang>off</HongZhang>
	  <JieLun>off</JieLun>
	  <ChePai>off</ChePai>
	  <QianMing>off</QianMing>
	  <YinZhang_MA>off</YinZhang_MA>
	  <CheJiaHao>on</CheJiaHao>
	</JianYanBaoGao_YiQi>
	<JianYanBaoGao_RenGong number = " ">
	  <ChePai>off</ChePai>
	  <ChaYanJieLun>off</ChaYanJieLun>
	  <DiPanQianZi>off</DiPanQianZi>
	  <WaiGuanQianZi>off</WaiGuanQianZi>
	  <YinCheQianZi>off</YinCheQianZi>
	</JianYanBaoGao_RenGong>
    <WeiTuoShu number = " ">
      <WeiTuoShu>off</WeiTuoShu>
      <HongZhang>off</HongZhang>
	  <ShenFenZheng>off</ShenFenZheng>
    </WeiTuoShu>
    <ShenQingBiao number = "0202">
      <ShouJi_BenRen>on</ShouJi_BenRen>
      <ShouJi_DaiLi>off</ShouJi_DaiLi>
      <ChePai>on</ChePai>
	  <is_CheLiangType>on</is_CheLiangType>
	  <is_YouBian>on</is_YouBian>
	  <is_DiZhi>on</is_DiZhi>
      <CheJiaHao>off</CheJiaHao>
      <QianMing>on</QianMing>
      <CheJiaHao>off</CheJiaHao>
      <QianMing>on</QianMing>
      <YinZhang>off</YinZhang>
	  <XingMing>off</XingMing>
	  <HaoPaiZhongLei>off</HaoPaiZhongLei>
	  <JianYanHeGeBiaoZhi>off</JianYanHeGeBiaoZhi>
    </ShenQingBiao>
    <WeiQiJianYan number = "0209">
      <JieLun>on</JieLun>
      <ChePai>on</ChePai>
      <CheJiaHao>on</CheJiaHao>
      <YinZhang>off</YinZhang>
      <QianMing>on</QianMing>
      <YinZhang_MA>off</YinZhang_MA>
	  <YouXiaoQi>off</YouXiaoQi>
      <CaoZuoYuan>off</CaoZuoYuan>
      <JiaShiYuan>off</JiaShiYuan>
      <PiZhunRen>off</PiZhunRen>
      <ShenHeYuan>off</ShenHeYuan>
	  <DianZiBiaoGe>off</DianZiBiaoGe>
	  <JianCeShiJian>off</JianCeShiJian>
	  <FaDongJiBianHao>off</FaDongJiBianHao>
	  <DianZiBaoGao>off</DianZiBaoGao>
    </WeiQiJianYan>
    <ZuoDengGuang number = "0321">
      <ZuoQianDeng>on</ZuoQianDeng>
      <YouQianDeng>on</YouQianDeng>
      <ChePai>on</ChePai>
      <QianMian>on</QianMian>
      <ShuiYinRiQi>on</ShuiYinRiQi>
    </ZuoDengGuang>
    <YouDengGuang number = "0352">
      <ZuoQianDeng>on</ZuoQianDeng>
      <YouQianDeng>on</YouQianDeng>
      <ChePai>on</ChePai>
      <QianMian>on</QianMian>
      <ShuiYinRiQi>on</ShuiYinRiQi>
    </YouDengGuang>
    <YiZhouZhiDong number = "0322">
      <QianLun>on</QianLun>
      <ChePai>on</ChePai>
      <ShuiYinRiQi>on</ShuiYinRiQi>
    </YiZhouZhiDong>
    <ErZhouZhiDong number = "0348">
      <HouLun>on</HouLun>
      <ChePai>on</ChePai>
      <ShuiYinRiQi>on</ShuiYinRiQi>
    </ErZhouZhiDong>
    <ZhuCheZhiDong number = "0351">
      <ChePai>on</ChePai>
      <CheLun>on</CheLun>
      <ShuiYinRiQi>on</ShuiYinRiQi>
    </ZhuCheZhiDong>
    <DiPanDongTaiKaiShi number = "0344">
      <ChePai>on</ChePai>
      <ChePaiQueDing>off</ChePaiQueDing>
      <YiDong>off</YiDong>
      <ShuiYinRiQi>on</ShuiYinRiQi>
      <BiaoZhi>off</BiaoZhi>
    </DiPanDongTaiKaiShi>
    <DiPanDongTaiJieShu number = "0342">
      <ChePai>on</ChePai>
      <YiDong>off</YiDong>
      <ShuiYinRiQi>on</ShuiYinRiQi>
      <BiaoZhi>off</BiaoZhi>
    </DiPanDongTaiJieShu>
    <DiPanBuJian number = "0323">
      <GongWei>off</GongWei>
      <ChePai>off</ChePai>
      <ShuiYinRiQi>on</ShuiYinRiQi>
      <Ren>on</Ren>
    </DiPanBuJian>
    <ChaYanJiLu number = "0205">
      <JianYanBiao>on</JianYanBiao>
      <ChePai>off</ChePai>
      <CheJiaHao>off</CheJiaHao>
      <WaiGuanQianZi>on</WaiGuanQianZi>
      <YinCheQianZi>on</YinCheQianZi>
      <DiPanQianZi>on</DiPanQianZi>
      <ChaYanXinXi>off</ChaYanXinXi>
      <ChaYanQianZi>off</ChaYanQianZi>
      <ChaYanJieLun>off</ChaYanJieLun>
      <HongZhang>off</HongZhang>
    </ChaYanJiLu>
    <QianHaoPai number = " ">
	  <ChePai>off</ChePai>
	</QianHaoPai>
	<HouHaoPai number = " ">
	  <ChePai>off</ChePai>
	</HouHaoPai>
	<ShenFenZheng number = " ">
	  <ShenFenZheng>off</ShenFenZheng>
	</ShenFenZheng>
	<ShenFenZhengBeiMian number = " ">
	  <ShenFenZheng>off</ShenFenZheng>
	  <YouXiaoQi>off</YouXiaoQi>
	</ShenFenZhengBeiMian>
	<JianYanBiaoBeiMian number = " ">
      <JianYanBiaoBeiMian>on</JianYanBiaoBeiMian>
      <DiPan>on</DiPan>
      <WaiGuan>on</WaiGuan>
      <YinChe>off</YinChe>
    </JianYanBiaoBeiMian>
    <WanShuiZhengMing number = " ">
      <CheJiaHao>on</CheJiaHao>
      <SuoShuRiQi>on</SuoShuRiQi>
	  <ChePai>off</ChePai>
	  <CheChuanShui>off</CheChuanShui>
	  <JianCeRiQi>off</JianCeRiQi>
	  <BaoXianDan>off</BaoXianDan>
    </WanShuiZhengMing>
    <WeiTuoTongZhiShu number = " ">
      <WeiTuoTongZhiShu>on</WeiTuoTongZhiShu>
      <ChePai>on</ChePai>
      <CheJiaHao>on</CheJiaHao>
      <YinZhang>on</YinZhang>
    </WeiTuoTongZhiShu>
	<MieHuoQi number = "0116">
	  <MieHuoQi>on</MieHuoQi>
	  <YaLiBiao>on</YaLiBiao>
	</MieHuoQi>
	<YingJiChui number = "0117">
	  <YingJiChui>on</YingJiChui>
	</YingJiChui>
	<JiLuYi number = "0118">
	  <JiLuYi>on</JiLuYi>
	  <RenZheng>on</RenZheng>
	  <PingMu>on</PingMu>
	</JiLuYi>
	<ZuoQianLun number = " ">
      <LunTai>on</LunTai>
	</ZuoQianLun>
	<YouQianLun number = " ">
	  <LunTai>on</LunTai>
	</YouQianLun>
	<CheXiang number = "0115">
	  <GaiZhuang>on</GaiZhuang>
	  <FengDing>on</FengDing>
	  <ZuoWei>on</ZuoWei>
	  <CheLiangLeiXing>off</CheLiangLeiXing>
	  <JiaoDu>off</JiaoDu>
	</CheXiang>
	<CeHuaGongWei number = "0353">
	  <ChePai>on</ChePai>
	</CeHuaGongWei>
	<WaiKuoQianMian number = "0360">
	  <ChePai>on</ChePai>
	</WaiKuoQianMian>
	<WaiKuoCeMian number = "0361">
	  <ChePai>on</ChePai>
	</WaiKuoCeMian>
	<DaCheHaoPai number = " ">
	  <ChePai>off</ChePai>
	</DaCheHaoPai>
	<WeiXiangNeiBu number = " ">
	  <GaiZhuang>off</GaiZhuang>
	</WeiXiangNeiBu>
	<FuZhuZhiDong number = " ">
	  <FuZhuZhiDong>off</FuZhuZhiDong>
	</FuZhuZhiDong>
	<ABS number = " ">
	  <ABS>off</ABS>
	</ABS>
	<CheLiangCeMian number = " ">
	  <CheLiangCeMian>off</CheLiangCeMian>
	</CheLiangCeMian>
	<CheLiangBeiMian number = " ">
	  <CheLiangBeiMian>off</CheLiangBeiMian>
	  <ChePai>off</ChePai>
	  <CheBiao>off</CheBiao>
	  <SanJiaoJia>off</SanJiaoJia>
	  <XiaBuFangHu>off</XiaBuFangHu>
	  <WeiBuBiaoZhi>off</WeiBuBiaoZhi>
	  <PenTuHaoMa>off</PenTuHaoMa>
	  <CheShenFanGuangBiaoShi>off</CheShenFanGuangBiaoShi>
	</CheLiangBeiMian>
	<HeDingZaiKe number = " ">
	  <HeDingZaiKe>off</HeDingZaiKe>
	</HeDingZaiKe>
	<JianCeQuXianBaoGao number = " ">
	  <QuXianBaoGao>off</QuXianBaoGao>
	  <ChePai>off</ChePai>
	  <YinZhang>off</YinZhang>
	</JianCeQuXianBaoGao>
	<CheJiaHaoUG number = " ">
	  <CheJiaHao>off</CheJiaHao>
	</CheJiaHaoUG>
	<CheLiangMingPai number = " ">
		<CheJiaHao>off</CheJiaHao>
		<FaDongJiHao>off</FaDongJiHao>
		<FaDongJiPaiLiang>off</FaDongJiPaiLiang>
		<ZhiZaoNianYue>off</ZhiZaoNianYue>
	</CheLiangMingPai>
  </ZhaoPian>
  <ShiPin>
    <ZuoQianFang>
      <ChePai>on</ChePai>
    </ZuoQianFang>
    <YouHouFang>
      <ChePai>on</ChePai>
    </YouHouFang>
    <YiZhouZhiDong>
      <ChePai>on</ChePai>
      <QianLun>on</QianLun>
      <WeiDeng>on</WeiDeng>
      <Ren>on</Ren>
    </YiZhouZhiDong>
    <ErZhouZhiDong>
      <ChePai>on</ChePai>
      <HouLun>on</HouLun>
      <WeiDeng>on</WeiDeng>
      <Ren>on</Ren>
    </ErZhouZhiDong>
    <ZuoDengGuang>
      <ChePai>on</ChePai>
      <QianDaDeng>on</QianDaDeng>
      <Ren>on</Ren>
      <CeShiYi>on</CeShiYi>
    </ZuoDengGuang>
    <YouDengGuang>
      <ChePai>on</ChePai>
      <QianDaDeng>on</QianDaDeng>
      <Ren>on</Ren>
      <CeShiYi>on</CeShiYi>
    </YouDengGuang>
    <DongTaiGongWei_1>
      <ChePai>on</ChePai>
      <WeiYi>on</WeiYi>
    </DongTaiGongWei_1>
    <DongTaiGongWei_2>
      <ChePai>on</ChePai>
      <WeiYi>on</WeiYi>
    </DongTaiGongWei_2>
    <DiPanGongWei>
      <Ren>on</Ren>
    </DiPanGongWei>
    <ZhuCheZhiDong_GunTong>
      <ChePai>on</ChePai>
      <HouLun>on</HouLun>
      <TaiQi>on</TaiQi>
      <Ren>on</Ren>
    </ZhuCheZhiDong_GunTong>
    <ZhuCheZhiDong_PingBan>
      <ChePai>on</ChePai>
      <CheLun>on</CheLun>
      <WeiDeng>on</WeiDeng>
      <Ren>on</Ren>
    </ZhuCheZhiDong_PingBan>
    <WeiXiangNeiBu>
      <GaiZhuang>on</GaiZhuang>
    </WeiXiangNeiBu>
  </ShiPin>
  <SuzhouVideo>
     <SpaoConnect>
	   <soapflag>off</soapflag>
	 </SpaoConnect>
     <Download>
        <dlflag>off</dlflag>	
	</Download>
     <V_CheLiangZuoQianFang>
       <ChePai>on</ChePai> 
     </V_CheLiangZuoQianFang>
      <V_CheLiangYouHouFang>
       <ChePai>on</ChePai> 
     </V_CheLiangYouHouFang>
     <V_YiZhouZhiDong>
       <ChePai>on</ChePai>
       <WeiDeng>on</WeiDeng>
       <QianLun>on</QianLun>
       <Ren>on</Ren> 
     </V_YiZhouZhiDong>
     <V_ErZhouZhiDong>
       <ChePai>on</ChePai>
       <HouLun>on</HouLun>
       <WeiDeng>on</WeiDeng>
       <Ren>on</Ren> 
     </V_ErZhouZhiDong>
     <V_PingBanZhiDong>
       <ChePai>on</ChePai>
       <PingBan>on</PingBan>
       <WeiDeng>on</WeiDeng>
       <Ren>on</Ren> 
     </V_PingBanZhiDong>
     <V_ZuoDengGuang>
       <ChePai>on</ChePai>
       <CeShiYi>on</CeShiYi>
       <QianDaDeng>on</QianDaDeng>
       <Ren>on</Ren> 
     </V_ZuoDengGuang>
     <V_YouDengGuang>
       <ChePai>on</ChePai>
       <CeShiYi>on</CeShiYi>
       <QianDaDeng>on</QianDaDeng>
       <Ren>on</Ren> 
     </V_YouDengGuang>
     <V_DiPan>
       <Ren>on</Ren> 
     </V_DiPan>
     <V_GunLunZhuChe>
       <ChePai>on</ChePai>
       <HouLun>on</HouLun>
       <TaiQi>on</TaiQi>
       <Ren>on</Ren> 
     </V_GunLunZhuChe>
     <V_PingBanZhuChe>
       <ChePai>on</ChePai>
       <CheLun>on</CheLun>
       <WeiDeng>on</WeiDeng>
       <Ren>on</Ren> 
     </V_PingBanZhuChe>
  </SuzhouVideo>
</Items>
