<?xml version="1.0" encoding="UTF-8"?>
<Items>
  <City>3713</City>
  <GongZuoShiJian>
    <KaiShi>0</KaiShi>
    <JieShu>24</JieShu>
  </GongZuoShiJian>
  <JianYanLeiBie>
    <LeiBie>01</LeiBie>
  </JianYanLeiBie>
  <CheLiangXingZhi>
    <XingZhi>A</XingZhi>
  </CheLiangXingZhi>
  <CheLiangZhongLei>K30,K31,K32,K33,K34,K39,K40,K41,K42,K43</CheLiangZhongLei>
  <JianYanJiGou>
  </JianYanJiGou>
  <ZhaoPian>
    <ZuoQianFang>
      <ChePai>on</ChePai>
      <CheBiao>on</CheBiao>
      <SanJiaoJia>on</SanJiaoJia>
      <GaiZhuang>on</GaiZhuang>
      <ShuiYinRiQi>off</ShuiYinRiQi>
    </ZuoQianFang>
    <YouHouFang>
      <ChePai>on</ChePai>
      <CheBiao>on</CheBiao>
      <SanJiaoJia>on</SanJiaoJia>
      <GaiZhuang>off</GaiZhuang>
      <ShuiYinRiQi>off</ShuiYinRiQi>
    </YouHouFang>
    <CheJiaHao>
      <CheJiaHao>on</CheJiaHao>
      <TaYinMo>off</TaYinMo>
      <ShuiYinRiQi>off</ShuiYinRiQi>
    </CheJiaHao>
    <AnQuanDai>
      <AnQuanDai>on</AnQuanDai>
      <ShuiYinRiQi>off</ShuiYinRiQi>
    </AnQuanDai>
    <XingShiZheng>
      <ChePai>on</ChePai>
      <CheJiaHao>on</CheJiaHao>
      <BianHao>on</BianHao>
      <FaZhengRiQi>on</FaZhengRiQi>
    </XingShiZheng>
    <JiaoQiangXian>
      <ChePai>off</ChePai>
      <CheJiaHao>on</CheJiaHao>
      <DianZiBaoDan>off</DianZiBaoDan>
      <FuBen>off</FuBen>
      <YouXiaoQi>on</YouXiaoQi>
      <GongZhang>on</GongZhang>
      <CheChuanShui>on</CheChuanShui>
    </JiaoQiangXian>
    <CheChuanShui>
      <CheJiaHao>off</CheJiaHao>
      <RiQi>off</RiQi>
    </CheChuanShui>
    <JianYanBaoGao>
      <ChePai>on</ChePai>
      <CheJiaHao>on</CheJiaHao>
      <QianMing>on</QianMing>
      <JieLun>on</JieLun>
      <ShuJuXiang>on</ShuJuXiang>
      <YinZhang>on</YinZhang>
    </JianYanBaoGao>
    <JianYanBaoGao_YiQi>
	  <YiQi>on</YiQi>
	  <HongZhang>on</HongZhang>
	  <JieLun>off</JieLun>
	  <ChePai>on</ChePai>
	  <CheJiaHao>on</CheJiaHao>
    </JianYanBaoGao_YiQi>
    <ShenQingBiao>
      <ChePai>on</ChePai>
      <QianMing>on</QianMing>
      <CheLiang_type>off</CheLiang_type> 
      <YouBian>off</YouBian>
      <DiZhi>off</DiZhi>
      <ShouJi_BenRen>off</ShouJi_BenRen>
      <ShouJi_DaiLi>off</ShouJi_DaiLi>
      <CheJiaHao>off</CheJiaHao>
    </ShenQingBiao>
    <WeiQiJianYan>
      <ChePai>on</ChePai>
      <CheJiaHao>on</CheJiaHao>
      <JieLun>on</JieLun>
      <YinZhang>on</YinZhang>
      <QianMing>on</QianMing>
    </WeiQiJianYan>
    <ZuoDengGuang>
      <ZuoQianDeng>on</ZuoQianDeng>
      <YouQianDeng>on</YouQianDeng>
      <ChePai>on</ChePai>
      <QianMian>on</QianMian>
    </ZuoDengGuang>
    <YouDengGuang>
      <ZuoQianDeng>on</ZuoQianDeng>
      <YouQianDeng>on</YouQianDeng>
      <ChePai>on</ChePai>
      <QianMian>on</QianMian>
    </YouDengGuang>
    <YiZhouZhiDong>
      <QianLun>on</QianLun>
      <ChePai>on</ChePai>
    </YiZhouZhiDong>
    <ErZhouZhiDong>
      <HouLun>on</HouLun>
      <ChePai>on</ChePai>
    </ErZhouZhiDong>
    <ZhuCheZhiDong>
      <ChePai>on</ChePai>
    </ZhuCheZhiDong>
    <DiPanDongTaiKaiShi>
      <ChePai>on</ChePai>
      <ChePaiQueDing>off</ChePaiQueDing>
      <YiDong>off</YiDong>
      <ShuiYinRiQi>off</ShuiYinRiQi>
    </DiPanDongTaiKaiShi>
    <DiPanDongTaiJieShu>
      <ChePai>on</ChePai>
      <YiDong>off</YiDong>
      <ShuiYinRiQi>off</ShuiYinRiQi>
    </DiPanDongTaiJieShu>
    <DiPanBuJian>
      <GongWei>off</GongWei>
      <ChePai>on</ChePai>
      <ShuiYinRiQi>off</ShuiYinRiQi>
      <Ren>on</Ren>
    </DiPanBuJian>
    <ChaYanJiLu>
      <JianYanBiao>on</JianYanBiao>
      <ChePai>off</ChePai>
      <CheJiaHao>off</CheJiaHao>
      <WaiGuanQianZi>on</WaiGuanQianZi>
      <YinCheQianZi>on</YinCheQianZi>
      <DiPanQianZi>on</DiPanQianZi>
    </ChaYanJiLu>
    <MieHuoQi>
      <MieHuoQi>off</MieHuoQi>
      <YaLiBiao>off</YaLiBiao>
    </MieHuoQi>
    <YingJiChui>
      <YingJiChui>off</YingJiChui>
    </YingJiChui>
    <JiLuYi>
      <JiLuYi>off</JiLuYi>
      <RenZheng>off</RenZheng>
      <PingMu>off</PingMu>
    </JiLuYi>
    <ZuoQianLun>
      <LunTai>off</LunTai>
    </ZuoQianLun>
    <YouQianLun>
      <LunTai>off</LunTai>
    </YouQianLun>
    <CheXiang>
      <GaiZhuang>off</GaiZhuang>
      <FengDing>off</FengDing>
      <ZuoWei>off</ZuoWei>
    </CheXiang>
    <CeHuaGongWei>
      <ChePai>off</ChePai>
    </CeHuaGongWei>
    <WaiKuoQianMian>
      <ChePai>off</ChePai>
    </WaiKuoQianMian>
    <WaiKuoCeMian>
      <ChePai>off</ChePai>
    </WaiKuoCeMian>
  </ZhaoPian>
  <ShiPin>
    <ZuoQianFang>
      <ChePai>on</ChePai>
    </ZuoQianFang>
    <YouHouFang>
      <ChePai>on</ChePai>
    </YouHouFang>
    <YiZhouZhiDong>
      <ChePai>on</ChePai>
      <QianLun>on</QianLun>
      <WeiDeng>on</WeiDeng>
      <Ren>on</Ren>
    </YiZhouZhiDong>
    <ErZhouZhiDong>
      <ChePai>on</ChePai>
      <HouLun>on</HouLun>
      <WeiDeng>on</WeiDeng>
      <Ren>on</Ren>
    </ErZhouZhiDong>
    <ZuoDengGuang>
      <ChePai>on</ChePai>
      <QianDaDeng>on</QianDaDeng>
      <Ren>on</Ren>
      <CeShiYi>on</CeShiYi>
    </ZuoDengGuang>
    <YouDengGuang>
      <ChePai>on</ChePai>
      <QianDaDeng>on</QianDaDeng>
      <Ren>on</Ren>
      <CeShiYi>on</CeShiYi>
    </YouDengGuang>
    <DongTaiGongWei_1>
      <ChePai>on</ChePai>
      <WeiYi>on</WeiYi>
    </DongTaiGongWei_1>
    <DongTaiGongWei_2>
      <ChePai>on</ChePai>
      <WeiYi>on</WeiYi>
    </DongTaiGongWei_2>
    <DiPanGongWei>
      <Ren>on</Ren>
    </DiPanGongWei>
    <ZhuCheZhiDong_GunTong>
      <ChePai>on</ChePai>
      <HouLun>on</HouLun>
      <TaiQi>on</TaiQi>
      <Ren>on</Ren>
    </ZhuCheZhiDong_GunTong>
    <ZhuCheZhiDong_PingBan>
      <ChePai>on</ChePai>
      <CheLun>on</CheLun>
      <WeiDeng>on</WeiDeng>
      <Ren>on</Ren>
    </ZhuCheZhiDong_PingBan>
  </ShiPin>
  <SuzhouVideo>
     <SpaoConnect>off</SpaoConnect>
     <Download>off</Download>
     <V_CheLiangZuoQianFang>
       <ChePai>on</ChePai>	 
     </V_CheLiangZuoQianFang>
      <V_CheLiangYouHouFang>
       <ChePai>on</ChePai>	 
     </V_CheLiangYouHouFang>
     <V_YiZhouZhiDong>
       <ChePai>on</ChePai>
       <WeiDengGuang>on</WeiDengGuang>
       <YiZhou>on</YiZhou>
       <RenJianCe>on</RenJianCe> 
     </V_YiZhouZhiDong>
     <V_ErZhouZhiDong>
       <ChePai>on</ChePai>
       <ErZhou>on</ErZhou>
       <WeiDengGuang>on</WeiDengGuang>
       <RenJianCe>on</RenJianCe> 
     </V_ErZhouZhiDong>
     <V_PingBanZhiDong>
       <ChePai>on</ChePai>
       <PingBan>on</PingBan>
       <WeiDengGuang>on</WeiDengGuang>
       <RenJianCe>on</RenJianCe> 
     </V_PingBanZhiDong>
     <V_ZuoDengGuang>
       <ChePai>on</ChePai>
       <DengGuang>on</DengGuang>
       <JianCeYiDong>on</JianCeYiDong>
       <RenJianCe>on</RenJianCe> 
     </V_ZuoDengGuang>
     <V_YouDengGuang>
       <ChePai>on</ChePai>
       <DengGuang>on</DengGuang>
       <JianCeYiDong>on</JianCeYiDong>
       <RenJianCe>on</RenJianCe> 
     </V_YouDengGuang>
     <V_DiPan>
       <RenJianCe>on</RenJianCe> 
     </V_DiPan>
     <V_GunLunZhuChe>
       <ChePai>on</ChePai>
       <ErZhou>on</ErZhou>
       <ZhiDong>on</ZhiDong>
       <RenJianCe>on</RenJianCe> 
     </V_GunLunZhuChe>
     <V_PingBanZhuChe>
       <ChePai>on</ChePai>
       <PingBan>on</PingBan>
       <WeiDengGuang>on</WeiDengGuang>
       <RenJianCe>on</RenJianCe> 
     </V_PingBanZhuChe>
  </SuzhouVideo>
</Items>
