<?xml version="1.0" encoding="UTF-8"?>
<Items>
  <City>3201</City>
  <GongZuoShiJian>
    <KaiShi>0</KaiShi>
    <JieShu>24</JieShu>
  </GongZuoShiJian>
  <JianYanLeiBie></JianYanLeiBie>
  <CheLiangXingZhi></CheLiangXingZhi>
  <CheLiangZhongLei>K10,K20,K30,K40,H10,H20,H30,H40</CheLiangZhongLei>
  <JianYanJiGou>
	<BianHao priority="0">3201000007</BianHao>
	<BianHao priority="0">3201000008</BianHao>
	<BianHao priority="0">3201000009</BianHao>
	<BianHao priority="0">3201000010</BianHao>
	<BianHao priority="0">3201000011</BianHao>
	<BianHao priority="0">3201000012</BianHao>
	<BianHao priority="0">3201000003</BianHao>
	<BianHao priority="0">3201000002</BianHao>
	<BianHao priority="0">3201000001</BianHao>
	<BianHao priority="0">3200000050</BianHao>
	<BianHao priority="0">3200000047</BianHao>
	<BianHao priority="0">3200000145</BianHao>
	<BianHao priority="0">3200000118</BianHao>
	<BianHao priority="0">3200000087</BianHao>
	<BianHao priority="0">3200000052</BianHao>
	<BianHao priority="0">3200000025</BianHao>
	<BianHao priority="0">3200000019</BianHao>
	<BianHao priority="0">3200000162</BianHao>
	<BianHao priority="0">3200000061</BianHao>
	<BianHao priority="0">3200000044</BianHao>
	<BianHao priority="0">3200000042</BianHao>
	<BianHao priority="0">3200000063</BianHao>
	<BianHao priority="0">3200000043</BianHao>
	<BianHao priority="0">3200000160</BianHao>
	<BianHao priority="0">3200000045</BianHao>
	<BianHao priority="0">3200000059</BianHao>
	<BianHao priority="0">3200000073</BianHao>
	<BianHao priority="0">3200000072</BianHao>
	<BianHao priority="0">3299000035</BianHao>
	<BianHao priority="0">3200000067</BianHao>
	<BianHao priority="0">3200000066</BianHao>
	<BianHao priority="0">3201000006</BianHao>
	<BianHao priority="0">3201000013</BianHao>
	<BianHao priority="0">3200000135</BianHao>
	<BianHao priority="0">3200000049</BianHao>
	<BianHao priority="0">3200000147</BianHao>
	<BianHao priority="0">3200000051</BianHao>
	<BianHao priority="0">3201000014</BianHao>
	<BianHao priority="0">3201000015</BianHao>
	<BianHao priority="0">3200000192</BianHao>
	<BianHao priority="0">3201000017</BianHao>
	<BianHao priority="0">3201000018</BianHao>
	<BianHao priority="0">3201000020</BianHao>
	<BianHao priority="0">3201000022</BianHao>
	<BianHao priority="0">3201000023</BianHao>
	<BianHao priority="0">3201000024</BianHao>
	<BianHao priority="0">3201000025</BianHao>
	<BianHao priority="0">3201000026</BianHao>
	<BianHao priority="0">3201000028</BianHao>
	<BianHao priority="0">3201000030</BianHao>
	<BianHao priority="0">3201000031</BianHao>
	<BianHao priority="0">3201000032</BianHao>
	<BianHao priority="0">3201000033</BianHao>
	<BianHao priority="0">3201000034</BianHao>
	<BianHao priority="0">3201000035</BianHao>
	<BianHao priority="0">3201000036</BianHao>
	<BianHao priority="0">3201000038</BianHao>
	<BianHao priority="0">3201000040</BianHao>
  </JianYanJiGou>
  <ZhaoPian>
    <ZuoQianFang>
      <ChePai>on</ChePai>
      <CheBiao>on</CheBiao>
      <SanJiaoJia>off</SanJiaoJia>
      <GaiZhuang>on</GaiZhuang>
      <ShuiYinRiQi>on</ShuiYinRiQi>
    </ZuoQianFang>
    <YouHouFang>
      <ChePai>on</ChePai>
      <CheBiao>on</CheBiao>
      <SanJiaoJia>on</SanJiaoJia>
      <GaiZhuang>off</GaiZhuang>
      <ShuiYinRiQi>on</ShuiYinRiQi>
    </YouHouFang>
    <CheJiaHao>
      <CheJiaHao>on</CheJiaHao>
      <ShuiYinRiQi>on</ShuiYinRiQi>
      <TaYinMo>off</TaYinMo>
    </CheJiaHao>
    <AnQuanDai>
      <AnQuanDai>on</AnQuanDai>
      <ShuiYinRiQi>on</ShuiYinRiQi>
    </AnQuanDai>
    <XingShiZheng>
      <CheJiaHao>on</CheJiaHao>
      <ChePai>on</ChePai>
      <BianHao>on</BianHao>
      <FaZhengRiQi>on</FaZhengRiQi>
      <CheLiang>off</CheLiang>
    </XingShiZheng>
    <JiaoQiangXian>
      <FuBen>off</FuBen>
      <ChePai>off</ChePai>
      <CheJiaHao>on</CheJiaHao>
      <YouXiaoQi>on</YouXiaoQi>
      <GongZhang>on</GongZhang>
      <CheChuanShui>on</CheChuanShui>
      <DianZiBaoDan>off</DianZiBaoDan>
    </JiaoQiangXian>
    <CheChuanShui>
      <CheJiaHao>off</CheJiaHao>
      <RiQi>off</RiQi>
    </CheChuanShui>
    <JianYanBaoGao>
      <CheJiaHao>on</CheJiaHao>
      <ChePai>on</ChePai>
      <QianMing>on</QianMing>
      <YinZhang>on</YinZhang>
      <JieLun>on</JieLun>
      <ShuJuXiang>on</ShuJuXiang>
      <!--南宁新增配置开始-->
      <CheLiang_type>on</CheLiang_type>
      <!--南宁新增配置结束-->
    </JianYanBaoGao>
    <ShenQingBiao>
      <ShouJi_BenRen>on</ShouJi_BenRen>
      <ShouJi_DaiLi>off</ShouJi_DaiLi>
      <ChePai>on</ChePai>
      <!--重庆新增配置开始-->
	    <CheLiang_type>on</CheLiang_type> 
	    <YouBian>on</YouBian>
	    <DiZhi>on</DiZhi>
	    <!--重庆新增配置结束-->
      <CheJiaHao>off</CheJiaHao>
      <QianMing>on</QianMing>
    </ShenQingBiao>
    <WeiQiJianYan>
      <JieLun>on</JieLun>
      <ChePai>on</ChePai>
      <CheJiaHao>on</CheJiaHao>
      <YinZhang>off</YinZhang>
      <QianMing>on</QianMing>
    </WeiQiJianYan>
    <ZuoDengGuang>
      <ZuoQianDeng>on</ZuoQianDeng>
      <YouQianDeng>on</YouQianDeng>
      <ChePai>on</ChePai>
      <QianMian>on</QianMian>
      <ShuiYinRiQi>on</ShuiYinRiQi>
    </ZuoDengGuang>
    <YouDengGuang>
      <ZuoQianDeng>on</ZuoQianDeng>
      <YouQianDeng>on</YouQianDeng>
      <ChePai>on</ChePai>
      <QianMian>on</QianMian>
      <ShuiYinRiQi>on</ShuiYinRiQi>
    </YouDengGuang>
    <YiZhouZhiDong>
      <QianLun>on</QianLun>
      <ChePai>on</ChePai>
      <ShuiYinRiQi>on</ShuiYinRiQi>
    </YiZhouZhiDong>
    <ErZhouZhiDong>
      <HouLun>on</HouLun>
      <ChePai>on</ChePai>
      <ShuiYinRiQi>on</ShuiYinRiQi>
    </ErZhouZhiDong>
    <ZhuCheZhiDong>
      <ChePai>on</ChePai>
      <CheLun>on</CheLun>
      <ShuiYinRiQi>on</ShuiYinRiQi>
    </ZhuCheZhiDong>
    <DiPanDongTaiKaiShi>
      <ChePai>on</ChePai>
      <ChePaiQueDing>off</ChePaiQueDing>
      <YiDong>off</YiDong>
      <ShuiYinRiQi>on</ShuiYinRiQi>
    </DiPanDongTaiKaiShi>
    <DiPanDongTaiJieShu>
      <ChePai>on</ChePai>
      <YiDong>off</YiDong>
      <ShuiYinRiQi>on</ShuiYinRiQi>
    </DiPanDongTaiJieShu>
    <DiPanBuJian>
      <GongWei>off</GongWei>
      <ChePai>off</ChePai>
      <ShuiYinRiQi>on</ShuiYinRiQi>
      <Ren>on</Ren>
    </DiPanBuJian>
    <ChaYanJiLu>
      <JianYanBiao>on</JianYanBiao>
      <ChePai>off</ChePai>
      <CheJiaHao>off</CheJiaHao>
      <WaiGuanQianZi>on</WaiGuanQianZi>
      <YinCheQianZi>on</YinCheQianZi>
      <DiPanQianZi>on</DiPanQianZi>
    </ChaYanJiLu>
    <MieHuoQi>
      <MieHuoQi>on</MieHuoQi>
      <YaLiBiao>on</YaLiBiao>
    </MieHuoQi>
    <YingJiChui>
      <YingJiChui>on</YingJiChui>
    </YingJiChui>
    <JiLuYi>
      <JiLuYi>on</JiLuYi>
      <RenZheng>on</RenZheng>
      <PingMu>on</PingMu>
    </JiLuYi>
    <ZuoQianLun>
      <LunTai>on</LunTai>
    </ZuoQianLun>
    <YouQianLun>
      <LunTai>on</LunTai>
    </YouQianLun>
    <CheXiang>
      <GaiZhuang>on</GaiZhuang>
      <FengDing>on</FengDing>
      <ZuoWei>on</ZuoWei>
    </CheXiang>
    <CeHuaGongWei>
      <ChePai>on</ChePai>
    </CeHuaGongWei>
    <WaiKuoQianMian>
      <ChePai>on</ChePai>
    </WaiKuoQianMian>
    <WaiKuoCeMian>
      <ChePai>on</ChePai>
    </WaiKuoCeMian>
  </ZhaoPian>
  <ShiPin>
    <ZuoQianFang>
      <ChePai>on</ChePai>
    </ZuoQianFang>
    <YouHouFang>
      <ChePai>on</ChePai>
    </YouHouFang>
    <YiZhouZhiDong>
      <ChePai>on</ChePai>
      <QianLun>on</QianLun>
      <WeiDeng>on</WeiDeng>
      <Ren>on</Ren>
    </YiZhouZhiDong>
    <ErZhouZhiDong>
      <ChePai>on</ChePai>
      <HouLun>on</HouLun>
      <WeiDeng>on</WeiDeng>
      <Ren>on</Ren>
    </ErZhouZhiDong>
    <ZuoDengGuang>
      <ChePai>on</ChePai>
      <QianDaDeng>on</QianDaDeng>
      <Ren>on</Ren>
      <CeShiYi>on</CeShiYi>
    </ZuoDengGuang>
    <YouDengGuang>
      <ChePai>on</ChePai>
      <QianDaDeng>on</QianDaDeng>
      <Ren>on</Ren>
      <CeShiYi>on</CeShiYi>
    </YouDengGuang>
    <DongTaiGongWei_1>
      <ChePai>on</ChePai>
      <WeiYi>on</WeiYi>
    </DongTaiGongWei_1>
    <DongTaiGongWei_2>
      <ChePai>on</ChePai>
      <WeiYi>on</WeiYi>
    </DongTaiGongWei_2>
    <DiPanGongWei>
      <Ren>on</Ren>
    </DiPanGongWei>
    <ZhuCheZhiDong_GunTong>
      <ChePai>on</ChePai>
      <HouLun>on</HouLun>
      <TaiQi>on</TaiQi>
      <Ren>on</Ren>
    </ZhuCheZhiDong_GunTong>
    <ZhuCheZhiDong_PingBan>
      <ChePai>on</ChePai>
      <CheLun>on</CheLun>
      <WeiDeng>on</WeiDeng>
      <Ren>on</Ren>
    </ZhuCheZhiDong_PingBan>
  </ShiPin>
  <SuzhouVideo>
     <SpaoConnect>off</SpaoConnect>
     <Download>off</Download>
     <V_CheLiangZuoQianFang>
       <ChePai>on</ChePai>	 
     </V_CheLiangZuoQianFang>
      <V_CheLiangYouHouFang>
       <ChePai>on</ChePai>	 
     </V_CheLiangYouHouFang>
     <V_YiZhouZhiDong>
       <ChePai>on</ChePai>
       <WeiDengGuang>on</WeiDengGuang>
       <YiZhou>on</YiZhou>
       <RenJianCe>on</RenJianCe> 
     </V_YiZhouZhiDong>
     <V_ErZhouZhiDong>
       <ChePai>on</ChePai>
       <ErZhou>on</ErZhou>
       <WeiDengGuang>on</WeiDengGuang>
       <RenJianCe>on</RenJianCe> 
     </V_ErZhouZhiDong>
     <V_PingBanZhiDong>
       <ChePai>on</ChePai>
       <PingBan>on</PingBan>
       <WeiDengGuang>on</WeiDengGuang>
       <RenJianCe>on</RenJianCe> 
     </V_PingBanZhiDong>
     <V_ZuoDengGuang>
       <ChePai>on</ChePai>
       <DengGuang>on</DengGuang>
       <JianCeYiDong>on</JianCeYiDong>
       <RenJianCe>on</RenJianCe> 
     </V_ZuoDengGuang>
     <V_YouDengGuang>
       <ChePai>on</ChePai>
       <DengGuang>on</DengGuang>
       <JianCeYiDong>on</JianCeYiDong>
       <RenJianCe>on</RenJianCe> 
     </V_YouDengGuang>
     <V_DiPan>
       <RenJianCe>on</RenJianCe> 
     </V_DiPan>
     <V_GunLunZhuChe>
       <ChePai>on</ChePai>
       <ErZhou>on</ErZhou>
       <ZhiDong>on</ZhiDong>
       <RenJianCe>on</RenJianCe> 
     </V_GunLunZhuChe>
     <V_PingBanZhuChe>
       <ChePai>on</ChePai>
       <PingBan>on</PingBan>
       <WeiDengGuang>on</WeiDengGuang>
       <RenJianCe>on</RenJianCe> 
     </V_PingBanZhuChe>
  </SuzhouVideo>
</Items>
